,name,handedness,height,weight,avg,homeruns,hr_bucket,bmi,bmi_bucket,hr_sqrt
0,Denny Lemaster,R,73,182,0.13,4,Low home run hitter (under 25 HR),24.00938262,24,2
1,Joe Nolan,L,71,175,0.263,27,Mid home run hitter (25-100 HR),24.40487998,24,5.196152423
2,Denny Doyle,L,69,175,0.25,16,Low home run hitter (under 25 HR),25.84015963,25,4
3,Jose Cardenal,R,70,150,0.275,138,Big home run hitter (over 200 HR),21.52040816,21,11.74734012
4,Mike Ryan,R,74,205,0.193,28,Mid home run hitter (25-100 HR),26.31756757,26,5.291502622
5,Fritz Peterson,B,72,185,0.159,2,Low home run hitter (under 25 HR),25.08777006,25,1.414213562
6,Dick Bertell,R,72,200,0.25,10,Low home run hitter (under 25 HR),27.12191358,27,3.16227766
7,Rod Kanehl,R,73,180,0.241,6,Low home run hitter (under 25 HR),23.74554325,23,2.449489743
8,Juan Bonilla,R,69,170,0.256,7,Low home run hitter (under 25 HR),25.10186936,25,2.645751311
9,Frank Tepedino,L,71,185,0.241,6,Low home run hitter (under 25 HR),25.79944455,25,2.449489743
10,Rick Wise,R,73,180,0.195,15,Low home run hitter (under 25 HR),23.74554325,23,3.872983346
11,Darrell Evans,L,74,200,0.248,414,Big home run hitter (over 200 HR),25.67567568,25,20.34698995
12,Buck Martinez,R,70,190,0.225,58,Mid home run hitter (25-100 HR),27.25918367,27,7.615773106
13,John Wockenfuss,R,72,190,0.262,86,Mid home run hitter (25-100 HR),25.7658179,25,9.273618496
14,Tommy McCraw,L,72,183,0.246,75,Mid home run hitter (25-100 HR),24.81655093,24,8.660254038
15,Lee Lacy,R,73,175,0.286,91,Mid home run hitter (25-100 HR),23.08594483,23,9.539392014
16,Pete Rose,B,71,192,0.303,160,Big home run hitter (over 200 HR),26.77563975,26,12.64911064
17,Danny Walton,R,72,195,0.223,28,Mid home run hitter (25-100 HR),26.44386574,26,5.291502622
18,Bobby Cox,R,71,180,0.225,9,Low home run hitter (under 25 HR),25.10216227,25,3
19,Brad Wellman,R,72,170,0.231,6,Low home run hitter (under 25 HR),23.05362654,23,2.449489743
20,Jeff Newman,R,74,215,0.224,63,Mid home run hitter (25-100 HR),27.60135135,27,7.937253933
21,Pedro Gonzalez,R,72,176,0.244,8,Low home run hitter (under 25 HR),23.86728395,23,2.828427125
22,Tommie Reynolds,R,74,190,0.226,12,Low home run hitter (under 25 HR),24.39189189,24,3.464101615
23,Gene Clines,R,69,170,0.277,5,Low home run hitter (under 25 HR),25.10186936,25,2.236067978
24,Jim Hickman,R,75,192,0.252,159,Big home run hitter (over 200 HR),23.99573333,23,12.60952021
25,Jack Billingham,R,76,195,0.111,0,Low home run hitter (under 25 HR),23.73355263,23,0
26,Jerry Buchek,R,71,185,0.22,22,Low home run hitter (under 25 HR),25.79944455,25,4.69041576
27,Ivan DeJesus,R,71,175,0.254,21,Low home run hitter (under 25 HR),24.40487998,24,4.582575695
28,Gary Nolan,R,74,197,0.138,1,Low home run hitter (under 25 HR),25.29054054,25,1
29,Fred Whitfield,L,73,190,0.253,108,Big home run hitter (over 200 HR),25.0647401,25,10.39230485
30,Larry Dierker,R,76,215,0.136,4,Low home run hitter (under 25 HR),26.16776316,26,2
31,Dave Skaggs,R,74,200,0.241,3,Low home run hitter (under 25 HR),25.67567568,25,1.732050808
32,Dick Ruthven,R,75,190,0.183,1,Low home run hitter (under 25 HR),23.74577778,23,1
33,Dave Kingman,R,78,210,0.236,442,Big home run hitter (over 200 HR),24.265286,24,21.02379604
34,Eric Soderholm,R,71,187,0.264,102,Big home run hitter (over 200 HR),26.07835747,26,10.09950494
35,Ed Brinkman,R,72,170,0.224,60,Mid home run hitter (25-100 HR),23.05362654,23,7.745966692
36,Wayne Garrett,L,71,175,0.239,61,Mid home run hitter (25-100 HR),24.40487998,24,7.810249676
37,Tony Muser,L,74,180,0.259,7,Low home run hitter (under 25 HR),23.10810811,23,2.645751311
38,Ted Ford,R,70,180,0.219,17,Low home run hitter (under 25 HR),25.8244898,25,4.123105626
39,Jim Lyttle,L,72,180,0.248,9,Low home run hitter (under 25 HR),24.40972222,24,3
40,Scot Thompson,L,75,195,0.262,5,Low home run hitter (under 25 HR),24.37066667,24,2.236067978
41,Gene Locklear,L,70,165,0.274,9,Low home run hitter (under 25 HR),23.67244898,23,3
42,Bo Diaz,R,71,185,0.255,87,Mid home run hitter (25-100 HR),25.79944455,25,9.327379053
43,Bump Wills,B,69,172,0.266,36,Mid home run hitter (25-100 HR),25.39718547,25,6
44,Pat Putnam,L,72,205,0.255,63,Mid home run hitter (25-100 HR),27.79996142,27,7.937253933
45,Kurt Bevacqua,R,72,180,0.236,27,Mid home run hitter (25-100 HR),24.40972222,24,5.196152423
46,Syd O'Brien,R,73,185,0.23,24,Low home run hitter (under 25 HR),24.40514168,24,4.898979486
47,Chris Chambliss,L,73,195,0.279,185,Big home run hitter (over 200 HR),25.72433853,25,13.60147051
48,Tom Satriano,L,73,185,0.225,21,Low home run hitter (under 25 HR),24.40514168,24,4.582575695
49,Jeffrey Leonard,R,74,200,0.266,144,Big home run hitter (over 200 HR),25.67567568,25,12
50,Dal Maxvill,R,71,157,0.217,6,Low home run hitter (under 25 HR),21.89466376,21,2.449489743
51,Cesar Tovar,R,69,155,0.278,46,Mid home run hitter (25-100 HR),22.88699853,22,6.782329983
52,Mickey Lolich,B,73,170,0.11,0,Low home run hitter (under 25 HR),22.42634641,22,0
53,Jack Heidemann,R,72,175,0.211,9,Low home run hitter (under 25 HR),23.73167438,23,3
54,Rich Rollins,R,70,185,0.269,77,Mid home run hitter (25-100 HR),26.54183673,26,8.774964387
55,Walt Bond,L,79,228,0.256,41,Mid home run hitter (25-100 HR),25.68242269,25,6.403124237
56,Merv Rettenmund,R,70,190,0.271,66,Mid home run hitter (25-100 HR),27.25918367,27,8.124038405
57,Byron Browne,R,74,190,0.236,30,Mid home run hitter (25-100 HR),24.39189189,24,5.477225575
58,Hector Torres,R,72,175,0.216,18,Low home run hitter (under 25 HR),23.73167438,23,4.242640687
59,Walt Williams,R,66,165,0.27,33,Mid home run hitter (25-100 HR),26.62878788,26,5.744562647
60,Jerry Koosman,R,74,205,0.119,2,Low home run hitter (under 25 HR),26.31756757,26,1.414213562
61,Steve Lombardozzi,R,72,175,0.233,20,Low home run hitter (under 25 HR),23.73167438,23,4.472135955
62,Joe Azcue,R,72,190,0.252,50,Mid home run hitter (25-100 HR),25.7658179,25,7.071067812
63,Elliott Maddox,R,71,180,0.261,18,Low home run hitter (under 25 HR),25.10216227,25,4.242640687
64,Omar Moreno,L,74,180,0.252,37,Mid home run hitter (25-100 HR),23.10810811,23,6.08276253
65,Julian Javier,R,73,175,0.257,78,Mid home run hitter (25-100 HR),23.08594483,23,8.831760866
66,Elio Chacon,R,69,160,0.232,4,Low home run hitter (under 25 HR),23.6252888,23,2
67,Rusty Torres,B,70,175,0.212,35,Mid home run hitter (25-100 HR),25.10714286,25,5.916079783
68,John Stearns,R,72,185,0.26,46,Mid home run hitter (25-100 HR),25.08777006,25,6.782329983
69,Larry Brown,R,70,160,0.233,47,Mid home run hitter (25-100 HR),22.95510204,22,6.8556546
70,Tommy Dean,R,72,165,0.18,4,Low home run hitter (under 25 HR),22.3755787,22,2
71,Marty Martinez,B,72,170,0.243,0,Low home run hitter (under 25 HR),23.05362654,23,0
72,Bruce Boisclair,L,74,185,0.263,10,Low home run hitter (under 25 HR),23.75,23,3.16227766
73,Ken Singleton,B,76,210,0.282,246,Big home run hitter (over 200 HR),25.55921053,25,15.68438714
74,Frank White,R,71,165,0.255,160,Big home run hitter (over 200 HR),23.01031541,23,12.64911064
75,Jim Fairey,L,70,190,0.235,7,Low home run hitter (under 25 HR),27.25918367,27,2.645751311
76,Tom Brookens,R,70,165,0.246,71,Mid home run hitter (25-100 HR),23.67244898,23,8.426149773
77,Gary Thomasson,L,73,180,0.249,61,Mid home run hitter (25-100 HR),23.74554325,23,7.810249676
78,Otto Velez,R,72,170,0.251,78,Mid home run hitter (25-100 HR),23.05362654,23,8.831760866
79,Tony Scott,B,72,164,0.249,17,Low home run hitter (under 25 HR),22.23996914,22,4.123105626
80,Ray Oyler,R,71,165,0.175,15,Low home run hitter (under 25 HR),23.01031541,23,3.872983346
81,Floyd Robinson,L,69,175,0.283,67,Mid home run hitter (25-100 HR),25.84015963,25,8.185352772
82,Steve Jeltz,B,71,180,0.21,5,Low home run hitter (under 25 HR),25.10216227,25,2.236067978
83,Lou Brock,L,71,170,0.293,149,Big home run hitter (over 200 HR),23.7075977,23,12.20655562
84,Joe Lovitto,B,72,185,0.216,4,Low home run hitter (under 25 HR),25.08777006,25,2
85,Wayne Comer,R,70,175,0.229,16,Low home run hitter (under 25 HR),25.10714286,25,4
86,Dave Collins,B,71,175,0.272,32,Mid home run hitter (25-100 HR),24.40487998,24,5.656854249
87,Ed Spiezio,R,71,180,0.238,39,Mid home run hitter (25-100 HR),25.10216227,25,6.244997998
88,Rico Petrocelli,R,72,175,0.251,210,Big home run hitter (over 200 HR),23.73167438,23,14.49137675
89,Johnny Lewis,L,73,189,0.227,22,Low home run hitter (under 25 HR),24.93282042,24,4.69041576
90,Dick Simpson,R,76,176,0.207,15,Low home run hitter (under 25 HR),21.42105263,21,3.872983346
91,Ken Boswell,L,72,170,0.248,31,Mid home run hitter (25-100 HR),23.05362654,23,5.567764363
92,Ken McMullen,R,75,190,0.248,156,Big home run hitter (over 200 HR),23.74577778,23,12.489996
93,Steve Swisher,R,74,205,0.216,20,Low home run hitter (under 25 HR),26.31756757,26,4.472135955
94,Dick Howser,R,68,155,0.248,16,Low home run hitter (under 25 HR),23.56509516,23,4
95,Manny Castillo,B,69,160,0.242,3,Low home run hitter (under 25 HR),23.6252888,23,1.732050808
96,Mike Ramsey,B,73,170,0.24,2,Low home run hitter (under 25 HR),22.42634641,22,1.414213562
97,Willie Crawford,L,73,197,0.268,86,Mid home run hitter (25-100 HR),25.98817789,25,9.273618496
98,Willie Norwood,R,72,185,0.242,18,Low home run hitter (under 25 HR),25.08777006,25,4.242640687
99,Jeff Stone,L,72,175,0.277,11,Low home run hitter (under 25 HR),23.73167438,23,3.31662479
100,Joe Lahoud,L,73,198,0.223,65,Mid home run hitter (25-100 HR),26.12009758,26,8.062257748
101,Tim Flannery,L,71,175,0.255,9,Low home run hitter (under 25 HR),24.40487998,24,3
102,Dave McKay,B,73,195,0.229,21,Low home run hitter (under 25 HR),25.72433853,25,4.582575695
103,Benny Ayala,R,73,185,0.251,38,Mid home run hitter (25-100 HR),24.40514168,24,6.164414003
104,Greg Gross,L,70,160,0.287,7,Low home run hitter (under 25 HR),22.95510204,22,2.645751311
105,Sal Butera,R,72,190,0.227,8,Low home run hitter (under 25 HR),25.7658179,25,2.828427125
106,Jack Brohamer,L,70,165,0.245,30,Mid home run hitter (25-100 HR),23.67244898,23,5.477225575
107,Von Joshua,L,70,170,0.273,30,Mid home run hitter (25-100 HR),24.38979592,24,5.477225575
108,Eddie Milner,L,71,173,0.253,42,Mid home run hitter (25-100 HR),24.12596707,24,6.480740698
109,Johnny Jeter,R,73,180,0.244,18,Low home run hitter (under 25 HR),23.74554325,23,4.242640687
110,Angel Salazar,R,72,180,0.212,2,Low home run hitter (under 25 HR),24.40972222,24,1.414213562
111,Tony Oliva,L,73,175,0.304,220,Big home run hitter (over 200 HR),23.08594483,23,14.83239697
112,Cito Gaston,R,75,190,0.256,91,Mid home run hitter (25-100 HR),23.74577778,23,9.539392014
113,Cookie Rojas,R,70,160,0.263,54,Mid home run hitter (25-100 HR),22.95510204,22,7.348469228
114,Rich Morales,R,71,170,0.195,6,Low home run hitter (under 25 HR),23.7075977,23,2.449489743
115,Dan Ford,R,73,185,0.27,121,Big home run hitter (over 200 HR),24.40514168,24,11
117,Ozzie Virgil,R,73,180,0.243,98,Mid home run hitter (25-100 HR),23.74554325,23,9.899494937
118,Johnny Oates,L,71,188,0.25,14,Low home run hitter (under 25 HR),26.21781393,26,3.741657387
119,Mike Phillips,L,72,170,0.24,11,Low home run hitter (under 25 HR),23.05362654,23,3.31662479
120,Ron Santo,R,72,190,0.277,342,Big home run hitter (over 200 HR),25.7658179,25,18.49324201
121,Jay Johnstone,L,73,175,0.267,102,Big home run hitter (over 200 HR),23.08594483,23,10.09950494
122,Jim Ray Hart,R,71,185,0.278,170,Big home run hitter (over 200 HR),25.79944455,25,13.03840481
123,Marc Hill,R,75,205,0.223,34,Mid home run hitter (25-100 HR),25.62044444,25,5.830951895
124,Chico Salmon,R,70,160,0.249,31,Mid home run hitter (25-100 HR),22.95510204,22,5.567764363
125,Joe Niekro,R,73,185,0.156,1,Low home run hitter (under 25 HR),24.40514168,24,1
126,Andy Etchebarren,R,73,190,0.235,49,Mid home run hitter (25-100 HR),25.0647401,25,7
127,Ken Berry,R,72,175,0.255,58,Mid home run hitter (25-100 HR),23.73167438,23,7.615773106
129,Junior Moore,R,71,185,0.264,7,Low home run hitter (under 25 HR),25.79944455,25,2.645751311
130,Mike Richardt,R,72,170,0.226,4,Low home run hitter (under 25 HR),23.05362654,23,2
131,Chris Brown,R,72,185,0.269,38,Mid home run hitter (25-100 HR),25.08777006,25,6.164414003
132,Al Bumbry,L,68,170,0.281,54,Mid home run hitter (25-100 HR),25.84558824,25,7.348469228
133,Al Downing,R,71,175,0.127,2,Low home run hitter (under 25 HR),24.40487998,24,1.414213562
134,Bob Didier,B,72,190,0.229,0,Low home run hitter (under 25 HR),25.7658179,25,0
135,Jake Gibbs,L,72,180,0.233,25,Mid home run hitter (25-100 HR),24.40972222,24,5
136,Garry Hancock,L,72,175,0.247,12,Low home run hitter (under 25 HR),23.73167438,23,3.464101615
137,Ed Kranepool,L,75,205,0.261,118,Big home run hitter (over 200 HR),25.62044444,25,10.86278049
138,Rick Rhoden,R,75,195,0.238,9,Low home run hitter (under 25 HR),24.37066667,24,3
139,Denny McLain,R,73,185,0.133,1,Low home run hitter (under 25 HR),24.40514168,24,1
140,Chuck Hiller,L,71,170,0.243,20,Low home run hitter (under 25 HR),23.7075977,23,4.472135955
141,Jorge Orta,L,70,170,0.278,130,Big home run hitter (over 200 HR),24.38979592,24,11.40175425
142,Dave Cash,R,71,170,0.283,21,Low home run hitter (under 25 HR),23.7075977,23,4.582575695
143,Bucky Dent,R,69,170,0.247,40,Mid home run hitter (25-100 HR),25.10186936,25,6.32455532
144,Tony Gonzalez,L,69,170,0.286,103,Big home run hitter (over 200 HR),25.10186936,25,10.14889157
145,Larry Haney,R,74,195,0.215,12,Low home run hitter (under 25 HR),25.03378378,25,3.464101615
146,Billy Conigliaro,R,72,180,0.256,40,Mid home run hitter (25-100 HR),24.40972222,24,6.32455532
147,Gary Roenicke,R,75,205,0.247,121,Big home run hitter (over 200 HR),25.62044444,25,11
148,Don Lock,R,74,195,0.238,122,Big home run hitter (over 200 HR),25.03378378,25,11.04536102
149,Billy Cowan,R,72,170,0.236,40,Mid home run hitter (25-100 HR),23.05362654,23,6.32455532
150,Billy Smith,B,74,185,0.23,17,Low home run hitter (under 25 HR),23.75,23,4.123105626
151,Tony Perez,R,74,175,0.279,379,Big home run hitter (over 200 HR),22.46621622,22,19.46792233
152,Chuck Schilling,R,70,160,0.239,23,Low home run hitter (under 25 HR),22.95510204,22,4.795831523
153,Hal McRae,R,71,180,0.29,191,Big home run hitter (over 200 HR),25.10216227,25,13.82027496
154,Dave Roberts,R,75,215,0.239,49,Mid home run hitter (25-100 HR),26.87022222,26,7
155,Jim Lefebvre,B,72,180,0.251,74,Mid home run hitter (25-100 HR),24.40972222,24,8.602325267
156,Charlie Spikes,R,75,215,0.246,65,Mid home run hitter (25-100 HR),26.87022222,26,8.062257748
157,Steve Whitaker,L,72,180,0.23,24,Low home run hitter (under 25 HR),24.40972222,24,4.898979486
158,Manny Jimenez,L,73,185,0.272,26,Mid home run hitter (25-100 HR),24.40514168,24,5.099019514
159,Duffy Dyer,R,72,187,0.221,30,Mid home run hitter (25-100 HR),25.3589892,25,5.477225575
160,Ken Henderson,B,74,180,0.257,122,Big home run hitter (over 200 HR),23.10810811,23,11.04536102
161,Vern Fuller,R,73,170,0.232,14,Low home run hitter (under 25 HR),22.42634641,22,3.741657387
162,Wayne Gross,L,74,210,0.233,121,Big home run hitter (over 200 HR),26.95945946,26,11
163,Mike Champion,R,72,185,0.229,2,Low home run hitter (under 25 HR),25.08777006,25,1.414213562
164,Paul Casanova,R,76,180,0.225,50,Mid home run hitter (25-100 HR),21.90789474,21,7.071067812
165,Steve Rogers,R,74,175,0.138,0,Low home run hitter (under 25 HR),22.46621622,22,0
166,Terry Crowley,L,72,180,0.25,42,Mid home run hitter (25-100 HR),24.40972222,24,6.480740698
167,Horace Clarke,B,69,170,0.256,27,Mid home run hitter (25-100 HR),25.10186936,25,5.196152423
168,Lou Clinton,R,73,185,0.247,65,Mid home run hitter (25-100 HR),24.40514168,24,8.062257748
169,Larry Cox,R,70,178,0.221,12,Low home run hitter (under 25 HR),25.53755102,25,3.464101615
170,Nate Colbert,R,74,190,0.243,173,Big home run hitter (over 200 HR),24.39189189,24,13.15294644
171,Phil Roof,R,74,190,0.215,43,Mid home run hitter (25-100 HR),24.39189189,24,6.557438524
172,Chuck Hinton,R,73,180,0.264,113,Big home run hitter (over 200 HR),23.74554325,23,10.63014581
173,Tim Cullen,R,73,185,0.22,9,Low home run hitter (under 25 HR),24.40514168,24,3
174,Tim Harkness,L,74,182,0.235,14,Low home run hitter (under 25 HR),23.36486486,23,3.741657387
175,Rick Bosetti,R,71,185,0.25,17,Low home run hitter (under 25 HR),25.79944455,25,4.123105626
176,Ron Pruitt,R,72,185,0.269,12,Low home run hitter (under 25 HR),25.08777006,25,3.464101615
177,George Foster,R,73,180,0.274,348,Big home run hitter (over 200 HR),23.74554325,23,18.65475811
178,Jerry White,B,70,164,0.253,21,Low home run hitter (under 25 HR),23.52897959,23,4.582575695
179,Angel Mangual,R,70,178,0.245,22,Low home run hitter (under 25 HR),25.53755102,25,4.69041576
180,Ken Gerhart,R,72,190,0.221,24,Low home run hitter (under 25 HR),25.7658179,25,4.898979486
181,Mike Hershberger,R,70,175,0.252,26,Mid home run hitter (25-100 HR),25.10714286,25,5.099019514
182,Jim French,L,68,180,0.196,5,Low home run hitter (under 25 HR),27.36591696,27,2.236067978
183,Dave Roberts,L,75,195,0.194,7,Low home run hitter (under 25 HR),24.37066667,24,2.645751311
184,Jim Mason,L,74,185,0.203,12,Low home run hitter (under 25 HR),23.75,23,3.464101615
185,Willie Smith,L,72,182,0.248,46,Mid home run hitter (25-100 HR),24.68094136,24,6.782329983
186,Jose Arcia,R,75,170,0.215,1,Low home run hitter (under 25 HR),21.24622222,21,1
187,Leon Durham,L,73,185,0.277,147,Big home run hitter (over 200 HR),24.40514168,24,12.12435565
188,Paul Householder,B,72,180,0.236,29,Mid home run hitter (25-100 HR),24.40972222,24,5.385164807
189,Aurelio Rodriguez,R,70,180,0.237,124,Big home run hitter (over 200 HR),25.8244898,25,11.13552873
190,Jimmy Stewart,B,72,165,0.237,8,Low home run hitter (under 25 HR),22.3755787,22,2.828427125
191,Dick Phillips,L,72,180,0.229,12,Low home run hitter (under 25 HR),24.40972222,24,3.464101615
192,Andres Thomas,R,73,170,0.234,42,Mid home run hitter (25-100 HR),22.42634641,22,6.480740698
193,Ed Crosby,L,74,175,0.22,0,Low home run hitter (under 25 HR),22.46621622,22,0
194,Mike de la Hoz,R,71,175,0.251,25,Mid home run hitter (25-100 HR),24.40487998,24,5
195,Frank Taveras,R,72,155,0.255,2,Low home run hitter (under 25 HR),21.01948302,21,1.414213562
196,Joe Nossek,R,72,178,0.228,3,Low home run hitter (under 25 HR),24.13850309,24,1.732050808
197,Larry Stahl,L,72,175,0.232,36,Mid home run hitter (25-100 HR),23.73167438,23,6
198,Jose Cruz,L,72,170,0.284,165,Big home run hitter (over 200 HR),23.05362654,23,12.84523258
199,Don Mason,L,71,160,0.205,3,Low home run hitter (under 25 HR),22.31303313,22,1.732050808
200,Bill Robinson,R,74,189,0.258,166,Big home run hitter (over 200 HR),24.26351351,24,12.88409873
201,Sal Bando,R,72,195,0.254,242,Big home run hitter (over 200 HR),26.44386574,26,15.55634919
202,George Mitterwald,R,74,195,0.236,76,Mid home run hitter (25-100 HR),25.03378378,25,8.717797887
203,Craig Robinson,R,70,165,0.219,0,Low home run hitter (under 25 HR),23.67244898,23,0
204,Bob Tillman,R,76,205,0.232,79,Mid home run hitter (25-100 HR),24.95065789,24,8.888194417
205,Pat Corrales,R,72,180,0.216,4,Low home run hitter (under 25 HR),24.40972222,24,2
206,Mike Tyson,R,69,170,0.241,27,Mid home run hitter (25-100 HR),25.10186936,25,5.196152423
207,Rafael Landestoy,B,70,165,0.237,4,Low home run hitter (under 25 HR),23.67244898,23,2
208,Duane Josephson,R,72,190,0.258,23,Low home run hitter (under 25 HR),25.7658179,25,4.795831523
209,Duane Walker,L,72,185,0.229,24,Low home run hitter (under 25 HR),25.08777006,25,4.898979486
210,Glenn Hubbard,R,69,150,0.244,70,Mid home run hitter (25-100 HR),22.14870825,22,8.366600265
211,Roger Freed,R,72,190,0.245,22,Low home run hitter (under 25 HR),25.7658179,25,4.69041576
212,George Hendrick,R,75,195,0.278,267,Big home run hitter (over 200 HR),24.37066667,24,16.34013464
213,Rod Carew,L,72,170,0.328,92,Mid home run hitter (25-100 HR),23.05362654,23,9.591663047
214,Bob Davis,R,72,180,0.197,6,Low home run hitter (under 25 HR),24.40972222,24,2.449489743
215,Toby Harrah,R,72,175,0.264,195,Big home run hitter (over 200 HR),23.73167438,23,13.96424004
216,Rick Manning,L,73,180,0.257,56,Mid home run hitter (25-100 HR),23.74554325,23,7.483314774
217,Gary Matthews,R,74,185,0.281,234,Big home run hitter (over 200 HR),23.75,23,15.29705854
218,Cesar Geronimo,L,72,165,0.258,51,Mid home run hitter (25-100 HR),22.3755787,22,7.141428429
219,Billy Bryan,L,76,200,0.216,41,Mid home run hitter (25-100 HR),24.34210526,24,6.403124237
220,Terry Whitfield,L,73,197,0.281,33,Mid home run hitter (25-100 HR),25.98817789,25,5.744562647
221,Mario Mendoza,R,71,170,0.215,4,Low home run hitter (under 25 HR),23.7075977,23,2
222,Fred Lynn,L,73,185,0.283,306,Big home run hitter (over 200 HR),24.40514168,24,17.49285568
223,Larry Hisle,R,74,193,0.273,166,Big home run hitter (over 200 HR),24.77702703,24,12.88409873
224,Graig Nettles,L,72,180,0.248,390,Big home run hitter (over 200 HR),24.40972222,24,19.74841766
225,Dave Engle,R,75,210,0.262,31,Mid home run hitter (25-100 HR),26.24533333,26,5.567764363
226,Mike Easler,L,72,190,0.293,118,Big home run hitter (over 200 HR),25.7658179,25,10.86278049
227,Rick Sweet,B,73,200,0.234,6,Low home run hitter (under 25 HR),26.38393695,26,2.449489743
228,Thurman Munson,R,71,190,0.292,113,Big home run hitter (over 200 HR),26.49672684,26,10.63014581
229,Rick Monday,L,75,193,0.264,241,Big home run hitter (over 200 HR),24.12071111,24,15.5241747
230,Mike Sadek,R,69,165,0.226,5,Low home run hitter (under 25 HR),24.36357908,24,2.236067978
231,Mark Belanger,R,73,170,0.228,20,Low home run hitter (under 25 HR),22.42634641,22,4.472135955
232,Ron Hunt,R,72,186,0.273,39,Mid home run hitter (25-100 HR),25.22337963,25,6.244997998
233,Joe Keough,L,72,185,0.246,9,Low home run hitter (under 25 HR),25.08777006,25,3
234,Vic Correll,R,70,185,0.229,29,Mid home run hitter (25-100 HR),26.54183673,26,5.385164807
235,Jackie Hernandez,R,71,165,0.208,12,Low home run hitter (under 25 HR),23.01031541,23,3.464101615
237,U L Washington,B,71,175,0.251,27,Mid home run hitter (25-100 HR),24.40487998,24,5.196152423
239,Ed Goodson,L,75,180,0.26,30,Mid home run hitter (25-100 HR),22.496,22,5.477225575
240,Mickey Klutts,R,71,170,0.241,14,Low home run hitter (under 25 HR),23.7075977,23,3.741657387
241,Leroy Stanton,R,73,195,0.244,77,Mid home run hitter (25-100 HR),25.72433853,25,8.774964387
242,Danny Ainge,R,76,175,0.22,2,Low home run hitter (under 25 HR),21.29934211,21,1.414213562
243,Adolfo Phillips,R,73,175,0.247,59,Mid home run hitter (25-100 HR),23.08594483,23,7.681145748
244,Marv Breeding,R,72,175,0.25,7,Low home run hitter (under 25 HR),23.73167438,23,2.645751311
245,Dick McAuliffe,L,71,176,0.247,197,Big home run hitter (over 200 HR),24.54433644,24,14.03566885
246,Joe Horlen,R,72,170,0.134,0,Low home run hitter (under 25 HR),23.05362654,23,0
247,Glenn Burke,R,72,195,0.237,2,Low home run hitter (under 25 HR),26.44386574,26,1.414213562
248,Terry Humphrey,R,75,185,0.211,6,Low home run hitter (under 25 HR),23.12088889,23,2.449489743
249,Enzo Hernandez,R,68,155,0.224,2,Low home run hitter (under 25 HR),23.56509516,23,1.414213562
250,Cesar Gutierrez,R,69,155,0.235,0,Low home run hitter (under 25 HR),22.88699853,22,0
251,Coco Laboy,R,70,165,0.233,28,Mid home run hitter (25-100 HR),23.67244898,23,5.291502622
252,Ted Kubiak,B,72,175,0.231,13,Low home run hitter (under 25 HR),23.73167438,23,3.605551275
253,Jim Morrison,R,71,175,0.26,112,Big home run hitter (over 200 HR),24.40487998,24,10.58300524
254,Bobby Knoop,R,73,170,0.236,56,Mid home run hitter (25-100 HR),22.42634641,22,7.483314774
255,Bobby Brown,B,74,190,0.245,26,Mid home run hitter (25-100 HR),24.39189189,24,5.099019514
256,Tom Hutton,L,71,180,0.248,22,Low home run hitter (under 25 HR),25.10216227,25,4.69041576
257,Ron Hodges,L,73,185,0.24,19,Low home run hitter (under 25 HR),24.40514168,24,4.358898944
258,Rich Chiles,L,71,170,0.254,6,Low home run hitter (under 25 HR),23.7075977,23,2.449489743
259,Tom Paciorek,R,76,215,0.282,86,Mid home run hitter (25-100 HR),26.16776316,26,9.273618496
260,Gary Woods,R,74,185,0.243,13,Low home run hitter (under 25 HR),23.75,23,3.605551275
261,Bob Montgomery,R,73,195,0.258,23,Low home run hitter (under 25 HR),25.72433853,25,4.795831523
262,Jeff Burroughs,R,73,200,0.261,240,Big home run hitter (over 200 HR),26.38393695,26,15.49193338
263,Rusty Staub,L,74,190,0.279,292,Big home run hitter (over 200 HR),24.39189189,24,17.08800749
264,Jim Norris,L,70,175,0.264,7,Low home run hitter (under 25 HR),25.10714286,25,2.645751311
265,Oscar Gamble,L,71,160,0.265,200,Big home run hitter (over 200 HR),22.31303313,22,14.14213562
266,George Vukovich,L,72,198,0.268,27,Mid home run hitter (25-100 HR),26.85069444,26,5.196152423
267,Craig Reynolds,L,73,175,0.256,42,Mid home run hitter (25-100 HR),23.08594483,23,6.480740698
268,Paul Blair,R,72,168,0.25,134,Big home run hitter (over 200 HR),22.78240741,22,11.5758369
269,Al Cowens,R,73,197,0.27,108,Big home run hitter (over 200 HR),25.98817789,25,10.39230485
270,Al Oliver,L,72,195,0.303,219,Big home run hitter (over 200 HR),26.44386574,26,14.79864859
271,Dave Hilton,R,71,191,0.213,6,Low home run hitter (under 25 HR),26.6361833,26,2.449489743
272,Luis Alvarado,R,69,162,0.214,5,Low home run hitter (under 25 HR),23.92060491,23,2.236067978
273,Larry Parrish,R,75,190,0.263,256,Big home run hitter (over 200 HR),23.74577778,23,16
274,Woodie Fryman,R,75,197,0.138,2,Low home run hitter (under 25 HR),24.62062222,24,1.414213562
275,Bob Randall,R,74,175,0.257,1,Low home run hitter (under 25 HR),22.46621622,22,1
276,Jim Pankovits,R,70,170,0.25,9,Low home run hitter (under 25 HR),24.38979592,24,3
277,Carmen Fanzone,R,72,200,0.224,20,Low home run hitter (under 25 HR),27.12191358,27,4.472135955
278,Gary Allenson,R,71,185,0.221,19,Low home run hitter (under 25 HR),25.79944455,25,4.358898944
279,Milt May,L,72,190,0.263,77,Mid home run hitter (25-100 HR),25.7658179,25,8.774964387
280,Mike Vail,R,73,180,0.279,34,Mid home run hitter (25-100 HR),23.74554325,23,5.830951895
281,Nick Esasky,R,75,200,0.25,122,Big home run hitter (over 200 HR),24.99555556,24,11.04536102
282,Jim Nettles,L,72,186,0.22,16,Low home run hitter (under 25 HR),25.22337963,25,4
283,Chris Cannizzaro,R,72,190,0.235,18,Low home run hitter (under 25 HR),25.7658179,25,4.242640687
284,Larry Biittner,L,74,205,0.273,29,Mid home run hitter (25-100 HR),26.31756757,26,5.385164807
285,Mel Stottlemyre,R,73,178,0.16,7,Low home run hitter (under 25 HR),23.48170388,23,2.645751311
286,Roy Smalley,B,73,185,0.257,163,Big home run hitter (over 200 HR),24.40514168,24,12.76714533
287,Andy Messersmith,R,73,200,0.17,5,Low home run hitter (under 25 HR),26.38393695,26,2.236067978
288,Richie Zisk,R,73,200,0.287,207,Big home run hitter (over 200 HR),26.38393695,26,14.38749457
289,Dave Chalk,R,70,175,0.252,15,Low home run hitter (under 25 HR),25.10714286,25,3.872983346
290,Don Baylor,R,73,190,0.26,338,Big home run hitter (over 200 HR),25.0647401,25,18.38477631
291,John Vukovich,R,73,187,0.161,6,Low home run hitter (under 25 HR),24.66898105,24,2.449489743
292,Danny Thompson,R,72,183,0.248,15,Low home run hitter (under 25 HR),24.81655093,24,3.872983346
293,Joe Simpson,L,75,175,0.242,9,Low home run hitter (under 25 HR),21.87111111,21,3
294,Bill Fahey,L,72,200,0.241,7,Low home run hitter (under 25 HR),27.12191358,27,2.645751311
295,Doug Camilli,R,71,195,0.199,18,Low home run hitter (under 25 HR),27.19400913,27,4.242640687
296,Bernie Allen,L,72,175,0.239,73,Mid home run hitter (25-100 HR),23.73167438,23,8.544003745
297,Bruce Bochy,R,75,205,0.239,26,Mid home run hitter (25-100 HR),25.62044444,25,5.099019514
298,Claudell Washington,L,72,190,0.278,164,Big home run hitter (over 200 HR),25.7658179,25,12.80624847
299,John Donaldson,L,71,160,0.238,4,Low home run hitter (under 25 HR),22.31303313,22,2
300,John Mayberry,L,75,215,0.253,255,Big home run hitter (over 200 HR),26.87022222,26,15.96871942
301,Ken Reitz,R,72,180,0.26,68,Mid home run hitter (25-100 HR),24.40972222,24,8.246211251
302,Amos Otis,R,71,165,0.277,193,Big home run hitter (over 200 HR),23.01031541,23,13.89244399
303,Gene Alley,R,70,160,0.254,55,Mid home run hitter (25-100 HR),22.95510204,22,7.416198487
304,Ted Sizemore,R,70,165,0.262,23,Low home run hitter (under 25 HR),23.67244898,23,4.795831523
305,Dan Briggs,L,72,180,0.195,12,Low home run hitter (under 25 HR),24.40972222,24,3.464101615
306,Doug Flynn,R,71,165,0.238,7,Low home run hitter (under 25 HR),23.01031541,23,2.645751311
307,Ken Holtzman,R,74,175,0.163,2,Low home run hitter (under 25 HR),22.46621622,22,1.414213562
308,Pete Ward,L,73,185,0.254,98,Mid home run hitter (25-100 HR),24.40514168,24,9.899494937
309,Kevin Bell,R,72,195,0.222,13,Low home run hitter (under 25 HR),26.44386574,26,3.605551275
310,Tom Nieto,R,73,193,0.205,5,Low home run hitter (under 25 HR),25.46049916,25,2.236067978
311,Duke Sims,L,74,197,0.239,100,Mid home run hitter (25-100 HR),25.29054054,25,10
312,Larvell Blanks,R,68,167,0.253,20,Low home run hitter (under 25 HR),25.38948962,25,4.472135955
313,Mike Davis,L,74,175,0.259,91,Mid home run hitter (25-100 HR),22.46621622,22,9.539392014
314,Jerry Reuss,L,77,200,0.167,1,Low home run hitter (under 25 HR),23.71394839,23,1
315,Steve Yeager,R,72,190,0.228,102,Big home run hitter (over 200 HR),25.7658179,25,10.09950494
316,Danny Goodwin,L,73,195,0.236,13,Low home run hitter (under 25 HR),25.72433853,25,3.605551275
317,Bud Harrelson,B,71,160,0.236,7,Low home run hitter (under 25 HR),22.31303313,22,2.645751311
318,Bob Knepper,L,75,195,0.137,6,Low home run hitter (under 25 HR),24.37066667,24,2.449489743
319,Mickey Rivers,L,70,165,0.295,61,Mid home run hitter (25-100 HR),23.67244898,23,7.810249676
320,Jim Northrup,L,75,190,0.267,153,Big home run hitter (over 200 HR),23.74577778,23,12.36931688
321,John Hale,L,74,195,0.201,14,Low home run hitter (under 25 HR),25.03378378,25,3.741657387
322,Pedro Garcia,R,70,175,0.22,37,Mid home run hitter (25-100 HR),25.10714286,25,6.08276253
323,Carl Yastrzemski,L,71,175,0.285,452,Big home run hitter (over 200 HR),24.40487998,24,21.26029163
324,Derrel Thomas,B,72,160,0.249,43,Mid home run hitter (25-100 HR),21.69753086,21,6.557438524
325,Art Howe,R,74,190,0.26,43,Mid home run hitter (25-100 HR),24.39189189,24,6.557438524
326,Ike Brown,R,72,190,0.256,20,Low home run hitter (under 25 HR),25.7658179,25,4.472135955
327,Howie Goss,R,76,204,0.216,11,Low home run hitter (under 25 HR),24.82894737,24,3.31662479
328,Glenn Borgmann,R,76,210,0.229,16,Low home run hitter (under 25 HR),25.55921053,25,4
329,Lamar Johnson,R,74,215,0.287,64,Mid home run hitter (25-100 HR),27.60135135,27,8
330,Julio Gonzalez,R,71,162,0.235,4,Low home run hitter (under 25 HR),22.59194604,22,2
331,Bobby Klaus,R,70,170,0.208,6,Low home run hitter (under 25 HR),24.38979592,24,2.449489743
332,Manny Sanguillen,R,72,193,0.296,65,Mid home run hitter (25-100 HR),26.1726466,26,8.062257748
334,Johnny Ray,B,71,170,0.29,53,Mid home run hitter (25-100 HR),23.7075977,23,7.280109889
335,Jesus Alou,R,74,190,0.28,32,Mid home run hitter (25-100 HR),24.39189189,24,5.656854249
336,Ken Landreaux,L,70,165,0.268,91,Mid home run hitter (25-100 HR),23.67244898,23,9.539392014
337,Enos Cabell,R,76,170,0.277,60,Mid home run hitter (25-100 HR),20.69078947,20,7.745966692
338,Billy North,B,71,185,0.261,20,Low home run hitter (under 25 HR),25.79944455,25,4.472135955
339,Juan Beniquez,R,71,150,0.274,79,Mid home run hitter (25-100 HR),20.91846856,20,8.888194417
340,Frank Fernandez,R,72,185,0.199,39,Mid home run hitter (25-100 HR),25.08777006,25,6.244997998
341,Bombo Rivera,R,70,187,0.265,10,Low home run hitter (under 25 HR),26.82877551,26,3.16227766
342,Steve Brye,R,72,190,0.258,30,Mid home run hitter (25-100 HR),25.7658179,25,5.477225575
343,Ron Jackson,R,72,200,0.259,56,Mid home run hitter (25-100 HR),27.12191358,27,7.483314774
344,Roger Metzger,B,72,165,0.231,5,Low home run hitter (under 25 HR),22.3755787,22,2.236067978
345,Rufino Linares,R,72,170,0.27,11,Low home run hitter (under 25 HR),23.05362654,23,3.31662479
346,Ray Webster,L,72,185,0.244,17,Low home run hitter (under 25 HR),25.08777006,25,4.123105626
347,Bob Kearney,R,72,190,0.233,27,Mid home run hitter (25-100 HR),25.7658179,25,5.196152423
348,Fergie Jenkins,R,77,205,0.165,13,Low home run hitter (under 25 HR),24.3067971,24,3.605551275
349,Dick Dietz,R,73,195,0.261,66,Mid home run hitter (25-100 HR),25.72433853,25,8.124038405
350,Ted Cox,R,75,195,0.245,10,Low home run hitter (under 25 HR),24.37066667,24,3.16227766
353,Barry Evans,R,73,180,0.251,2,Low home run hitter (under 25 HR),23.74554325,23,1.414213562
354,Mickey Brantley,R,70,180,0.259,32,Mid home run hitter (25-100 HR),25.8244898,25,5.656854249
355,Al Gallagher,R,72,180,0.263,11,Low home run hitter (under 25 HR),24.40972222,24,3.31662479
356,Hector Cruz,R,71,170,0.225,39,Mid home run hitter (25-100 HR),23.7075977,23,6.244997998
357,Fred Norman,B,68,155,0.125,0,Low home run hitter (under 25 HR),23.56509516,23,0
358,Woody Woodward,R,74,180,0.236,1,Low home run hitter (under 25 HR),23.10810811,23,1
359,Ted Martinez,R,72,165,0.24,7,Low home run hitter (under 25 HR),22.3755787,22,2.645751311
360,Jim Anderson,R,72,170,0.218,13,Low home run hitter (under 25 HR),23.05362654,23,3.605551275
361,Lenn Sakata,R,69,160,0.23,25,Mid home run hitter (25-100 HR),23.6252888,23,5
362,Dave Duncan,R,74,190,0.214,109,Big home run hitter (over 200 HR),24.39189189,24,10.44030651
363,Randy Jones,R,72,178,0.132,0,Low home run hitter (under 25 HR),24.13850309,24,0
364,Dick Billings,R,73,195,0.227,16,Low home run hitter (under 25 HR),25.72433853,25,4
365,Bruce Bochte,L,75,195,0.282,100,Mid home run hitter (25-100 HR),24.37066667,24,10
366,Bernie Carbo,L,71,173,0.264,96,Mid home run hitter (25-100 HR),24.12596707,24,9.797958971
367,Vic Davalillo,L,67,150,0.279,36,Mid home run hitter (25-100 HR),23.49075518,23,6
368,Burt Hooton,R,73,210,0.123,4,Low home run hitter (under 25 HR),27.7031338,27,2
369,Fernando Gonzalez,R,70,165,0.235,17,Low home run hitter (under 25 HR),23.67244898,23,4.123105626
370,Jim Sundberg,R,72,190,0.248,95,Mid home run hitter (25-100 HR),25.7658179,25,9.746794345
371,Andy Kosco,R,75,205,0.236,73,Mid home run hitter (25-100 HR),25.62044444,25,8.544003745
372,Steve Huntz,B,73,204,0.206,16,Low home run hitter (under 25 HR),26.91161569,26,4
373,Lenny Faedo,R,72,170,0.251,5,Low home run hitter (under 25 HR),23.05362654,23,2.236067978
374,John Lowenstein,L,72,175,0.253,116,Big home run hitter (over 200 HR),23.73167438,23,10.77032961
375,Don Kessinger,B,73,170,0.252,14,Low home run hitter (under 25 HR),22.42634641,22,3.741657387
376,Joe Hague,L,72,195,0.239,40,Mid home run hitter (25-100 HR),26.44386574,26,6.32455532
377,Bake McBride,L,74,190,0.299,63,Mid home run hitter (25-100 HR),24.39189189,24,7.937253933
378,Dick Davis,R,75,190,0.265,27,Mid home run hitter (25-100 HR),23.74577778,23,5.196152423
379,Richie Scheinblum,B,73,180,0.263,13,Low home run hitter (under 25 HR),23.74554325,23,3.605551275
380,Ed Herrmann,L,73,195,0.24,80,Mid home run hitter (25-100 HR),25.72433853,25,8.94427191
381,Bob Molinaro,L,72,190,0.264,14,Low home run hitter (under 25 HR),25.7658179,25,3.741657387
382,Mike Hegan,L,73,188,0.242,53,Mid home run hitter (25-100 HR),24.80090073,24,7.280109889
383,Mike Diaz,R,74,195,0.247,31,Mid home run hitter (25-100 HR),25.03378378,25,5.567764363
384,Tim Foli,R,72,179,0.251,25,Mid home run hitter (25-100 HR),24.27411265,24,5
385,Alan Knicely,R,72,190,0.213,12,Low home run hitter (under 25 HR),25.7658179,25,3.464101615
386,Tim Laudner,R,75,212,0.225,77,Mid home run hitter (25-100 HR),26.49528889,26,8.774964387
387,Jose Morales,R,71,187,0.287,26,Mid home run hitter (25-100 HR),26.07835747,26,5.099019514
388,Juan Marichal,R,72,185,0.165,4,Low home run hitter (under 25 HR),25.08777006,25,2
389,Vida Blue,B,72,189,0.104,4,Low home run hitter (under 25 HR),25.63020833,25,2
390,Stan Papi,R,72,170,0.218,7,Low home run hitter (under 25 HR),23.05362654,23,2.645751311
391,Rob Wilfong,L,73,180,0.248,39,Mid home run hitter (25-100 HR),23.74554325,23,6.244997998
392,Steve Henderson,R,74,190,0.28,68,Mid home run hitter (25-100 HR),24.39189189,24,8.246211251
393,Rob Picciolo,R,74,185,0.234,17,Low home run hitter (under 25 HR),23.75,23,4.123105626
394,Roberto Pena,R,68,170,0.245,13,Low home run hitter (under 25 HR),25.84558824,25,3.605551275
395,Bob Dernier,R,72,160,0.255,23,Low home run hitter (under 25 HR),21.69753086,21,4.795831523
396,Bill Melton,R,74,200,0.253,160,Big home run hitter (over 200 HR),25.67567568,25,12.64911064
397,Albert Hall,B,71,155,0.251,5,Low home run hitter (under 25 HR),21.61575084,21,2.236067978
398,Barbaro Garbey,R,70,170,0.267,11,Low home run hitter (under 25 HR),24.38979592,24,3.31662479
399,John Milner,L,72,185,0.249,131,Big home run hitter (over 200 HR),25.08777006,25,11.44552314
400,Rich Reese,L,75,185,0.253,52,Mid home run hitter (25-100 HR),23.12088889,23,7.211102551
401,Chris Bando,B,72,195,0.227,27,Mid home run hitter (25-100 HR),26.44386574,26,5.196152423
402,Bill Buckner,L,72,185,0.289,174,Big home run hitter (over 200 HR),25.08777006,25,13.19090596
403,Jack Hiatt,R,74,190,0.251,22,Low home run hitter (under 25 HR),24.39189189,24,4.69041576
404,Nelson Mathews,R,76,195,0.223,22,Low home run hitter (under 25 HR),23.73355263,23,4.69041576
405,Larry Lintz,B,69,150,0.227,0,Low home run hitter (under 25 HR),22.14870825,22,0
406,Ron Theobald,R,68,165,0.248,2,Low home run hitter (under 25 HR),25.08542388,25,1.414213562
407,Rafael Santana,R,73,165,0.246,13,Low home run hitter (under 25 HR),21.76674798,21,3.605551275
408,Jerry Hairston,B,70,170,0.258,30,Mid home run hitter (25-100 HR),24.38979592,24,5.477225575
409,Tommie Aaron,R,75,190,0.229,13,Low home run hitter (under 25 HR),23.74577778,23,3.605551275
410,Steve Dillard,R,73,180,0.243,13,Low home run hitter (under 25 HR),23.74554325,23,3.605551275
411,George Scott,R,74,200,0.268,271,Big home run hitter (over 200 HR),25.67567568,25,16.46207763
412,Ken Walters,R,73,180,0.231,11,Low home run hitter (under 25 HR),23.74554325,23,3.31662479
413,Gorman Thomas,R,74,210,0.225,268,Big home run hitter (over 200 HR),26.95945946,26,16.37070554
414,Paul Dade,R,73,185,0.27,10,Low home run hitter (under 25 HR),24.40514168,24,3.16227766
415,Darrell Porter,L,72,193,0.247,188,Big home run hitter (over 200 HR),26.1726466,26,13.7113092
416,Tim Johnson,L,73,170,0.223,0,Low home run hitter (under 25 HR),22.42634641,22,0
417,Fred Stanley,R,70,165,0.216,10,Low home run hitter (under 25 HR),23.67244898,23,3.16227766
418,Larry Bowa,B,70,155,0.26,15,Low home run hitter (under 25 HR),22.2377551,22,3.872983346
419,Tim Corcoran,L,71,175,0.27,12,Low home run hitter (under 25 HR),24.40487998,24,3.464101615
420,Jim Spencer,L,74,195,0.25,146,Big home run hitter (over 200 HR),25.03378378,25,12.08304597
421,Pete LaCock,L,74,200,0.257,27,Mid home run hitter (25-100 HR),25.67567568,25,5.196152423
422,Carl Morton,R,72,200,0.156,7,Low home run hitter (under 25 HR),27.12191358,27,2.645751311
423,Gary Gray,R,72,187,0.24,24,Low home run hitter (under 25 HR),25.3589892,25,4.898979486
424,Matty Alou,L,69,160,0.307,31,Mid home run hitter (25-100 HR),23.6252888,23,5.567764363
425,Jim Dwyer,L,70,165,0.26,77,Mid home run hitter (25-100 HR),23.67244898,23,8.774964387
426,Dalton Jones,L,73,180,0.235,41,Mid home run hitter (25-100 HR),23.74554325,23,6.403124237
427,Rennie Stennett,R,71,160,0.274,41,Mid home run hitter (25-100 HR),22.31303313,22,6.403124237
428,Jerry May,R,74,190,0.234,15,Low home run hitter (under 25 HR),24.39189189,24,3.872983346
429,Rich McKinney,R,71,185,0.225,20,Low home run hitter (under 25 HR),25.79944455,25,4.472135955
430,Clint Hurdle,L,75,195,0.259,32,Mid home run hitter (25-100 HR),24.37066667,24,5.656854249
431,Mike Andrews,R,75,195,0.258,66,Mid home run hitter (25-100 HR),24.37066667,24,8.124038405
432,Bobby Clark,R,72,190,0.239,19,Low home run hitter (under 25 HR),25.7658179,25,4.358898944
433,Cliff Johnson,R,76,215,0.258,196,Big home run hitter (over 200 HR),26.16776316,26,14
434,Donn Clendenon,R,76,209,0.274,159,Big home run hitter (over 200 HR),25.4375,25,12.60952021
435,Charlie James,R,73,195,0.255,29,Mid home run hitter (25-100 HR),25.72433853,25,5.385164807
436,Bob Horner,R,73,195,0.277,218,Big home run hitter (over 200 HR),25.72433853,25,14.76482306
437,Tom Veryzer,R,73,175,0.241,14,Low home run hitter (under 25 HR),23.08594483,23,3.741657387
438,George Smith,R,70,170,0.205,9,Low home run hitter (under 25 HR),24.38979592,24,3
439,Jim Essian,R,74,195,0.244,33,Mid home run hitter (25-100 HR),25.03378378,25,5.744562647
440,Onix Concepcion,R,66,160,0.239,3,Low home run hitter (under 25 HR),25.82185491,25,1.732050808
441,Boots Day,L,69,160,0.256,8,Low home run hitter (under 25 HR),23.6252888,23,2.828427125
442,Brian Giles,R,73,165,0.228,10,Low home run hitter (under 25 HR),21.76674798,21,3.16227766
443,Garry Maddox,R,75,175,0.285,117,Big home run hitter (over 200 HR),21.87111111,21,10.81665383
444,Alex Trevino,R,70,165,0.249,23,Low home run hitter (under 25 HR),23.67244898,23,4.795831523
445,Jim Price,R,72,192,0.214,18,Low home run hitter (under 25 HR),26.03703704,26,4.242640687
446,Felix Millan,R,71,172,0.279,22,Low home run hitter (under 25 HR),23.98651061,23,4.69041576
447,Steve Garvey,R,70,192,0.294,272,Big home run hitter (over 200 HR),27.54612245,27,16.4924225
448,Don Mincher,L,75,205,0.249,200,Big home run hitter (over 200 HR),25.62044444,25,14.14213562
450,Jim Gosger,L,71,185,0.226,30,Mid home run hitter (25-100 HR),25.79944455,25,5.477225575
451,Chuck Harrison,R,70,185,0.238,17,Low home run hitter (under 25 HR),26.54183673,26,4.123105626
452,Mike Ivie,R,75,205,0.269,81,Mid home run hitter (25-100 HR),25.62044444,25,9
453,Bob Veale,B,78,212,0.114,0,Low home run hitter (under 25 HR),24.49638396,24,0
454,Marvell Wynne,L,71,175,0.247,40,Mid home run hitter (25-100 HR),24.40487998,24,6.32455532
455,Dusty Baker,R,74,183,0.278,242,Big home run hitter (over 200 HR),23.49324324,23,15.55634919
456,Tucker Ashford,R,73,195,0.218,6,Low home run hitter (under 25 HR),25.72433853,25,2.449489743
457,Ned Yost,R,73,190,0.212,16,Low home run hitter (under 25 HR),25.0647401,25,4
458,Bob Stinson,B,71,180,0.25,33,Mid home run hitter (25-100 HR),25.10216227,25,5.744562647
459,Gaylord Perry,R,76,205,0.131,6,Low home run hitter (under 25 HR),24.95065789,24,2.449489743
460,Dave Marshall,L,73,182,0.246,16,Low home run hitter (under 25 HR),24.00938262,24,4
461,Mickey Hatcher,R,74,200,0.28,38,Mid home run hitter (25-100 HR),25.67567568,25,6.164414003
462,Roger Repoz,L,75,190,0.224,82,Mid home run hitter (25-100 HR),23.74577778,23,9.055385138
463,John Orsino,R,75,215,0.249,40,Mid home run hitter (25-100 HR),26.87022222,26,6.32455532
464,Johnny Briggs,L,73,190,0.253,139,Big home run hitter (over 200 HR),25.0647401,25,11.78982612
465,Dave Hostetler,R,76,215,0.229,37,Mid home run hitter (25-100 HR),26.16776316,26,6.08276253
466,Bob Jones,L,74,195,0.221,20,Low home run hitter (under 25 HR),25.03378378,25,4.472135955
467,Keith Hernandez,L,72,180,0.296,162,Big home run hitter (over 200 HR),24.40972222,24,12.72792206
468,Dean Chance,R,75,200,0.066,0,Low home run hitter (under 25 HR),24.99555556,24,0
469,Willie Upshaw,L,72,185,0.262,123,Big home run hitter (over 200 HR),25.08777006,25,11.09053651
470,Dick Green,R,70,180,0.24,80,Mid home run hitter (25-100 HR),25.8244898,25,8.94427191
471,Dane Iorg,L,72,180,0.276,14,Low home run hitter (under 25 HR),24.40972222,24,3.741657387
472,Richie Hebner,L,73,195,0.276,203,Big home run hitter (over 200 HR),25.72433853,25,14.24780685
473,Fran Healy,R,77,220,0.25,20,Low home run hitter (under 25 HR),26.08534323,26,4.472135955
474,Doc Edwards,R,74,215,0.238,15,Low home run hitter (under 25 HR),27.60135135,27,3.872983346
475,Sandy Alomar,B,69,140,0.245,13,Low home run hitter (under 25 HR),20.6721277,20,3.605551275
476,Joe Strain,R,70,169,0.25,1,Low home run hitter (under 25 HR),24.24632653,24,1
477,Gene Richards,L,72,175,0.29,26,Mid home run hitter (25-100 HR),23.73167438,23,5.099019514
478,Buddy Bell,R,73,180,0.279,201,Big home run hitter (over 200 HR),23.74554325,23,14.17744688
479,Al Woods,L,75,190,0.271,35,Mid home run hitter (25-100 HR),23.74577778,23,5.916079783
480,Rudy Law,L,73,165,0.271,18,Low home run hitter (under 25 HR),21.76674798,21,4.242640687
481,Jody Davis,R,76,192,0.245,127,Big home run hitter (over 200 HR),23.36842105,23,11.26942767
482,Mike Edwards,R,70,154,0.25,2,Low home run hitter (under 25 HR),22.09428571,22,1.414213562
483,Deron Johnson,R,74,200,0.244,245,Big home run hitter (over 200 HR),25.67567568,25,15.65247584
484,John Denny,R,75,185,0.17,0,Low home run hitter (under 25 HR),23.12088889,23,0
485,Don Wert,R,70,162,0.242,77,Mid home run hitter (25-100 HR),23.24204082,23,8.774964387
486,Mike Fiore,L,72,175,0.227,13,Low home run hitter (under 25 HR),23.73167438,23,3.605551275
487,Miguel Dilone,B,72,160,0.265,6,Low home run hitter (under 25 HR),21.69753086,21,2.449489743
489,Bobby Tolan,L,71,170,0.265,86,Mid home run hitter (25-100 HR),23.7075977,23,9.273618496
490,Ron Woods,R,70,168,0.233,26,Mid home run hitter (25-100 HR),24.10285714,24,5.099019514
491,Tony Horton,R,75,210,0.268,76,Mid home run hitter (25-100 HR),26.24533333,26,8.717797887
492,Randy Hundley,R,71,170,0.236,82,Mid home run hitter (25-100 HR),23.7075977,23,9.055385138
493,Jose Tartabull,L,71,165,0.261,2,Low home run hitter (under 25 HR),23.01031541,23,1.414213562
494,Ben Oglivie,L,74,160,0.273,235,Big home run hitter (over 200 HR),20.54054054,20,15.32970972
495,Bob Johnson,R,70,175,0.272,44,Mid home run hitter (25-100 HR),25.10714286,25,6.633249581
496,Don Buford,B,67,160,0.264,93,Mid home run hitter (25-100 HR),25.05680552,25,9.643650761
497,Duane Kuiper,L,72,175,0.271,1,Low home run hitter (under 25 HR),23.73167438,23,1
498,Brant Alyea,R,75,215,0.247,38,Mid home run hitter (25-100 HR),26.87022222,26,6.164414003
499,Jerry Narron,L,75,205,0.211,21,Low home run hitter (under 25 HR),25.62044444,25,4.582575695
500,Lou Johnson,R,71,170,0.258,48,Mid home run hitter (25-100 HR),23.7075977,23,6.92820323
501,Ken Retzer,L,72,185,0.264,14,Low home run hitter (under 25 HR),25.08777006,25,3.741657387
502,Mike Brown,R,74,195,0.265,23,Low home run hitter (under 25 HR),25.03378378,25,4.795831523
503,Greg Walker,L,75,205,0.26,113,Big home run hitter (over 200 HR),25.62044444,25,10.63014581
504,Terry Harper,R,76,195,0.253,36,Mid home run hitter (25-100 HR),23.73355263,23,6
505,Jerry Royster,R,72,165,0.249,40,Mid home run hitter (25-100 HR),22.3755787,22,6.32455532
506,Barry Bonnell,R,75,190,0.272,56,Mid home run hitter (25-100 HR),23.74577778,23,7.483314774
507,Tom Seaver,R,73,195,0.154,12,Low home run hitter (under 25 HR),25.72433853,25,3.464101615
508,Jerry Martin,R,73,195,0.251,85,Mid home run hitter (25-100 HR),25.72433853,25,9.219544457
509,Bill Stein,R,70,170,0.267,44,Mid home run hitter (25-100 HR),24.38979592,24,6.633249581
510,Joel Youngblood,R,72,180,0.265,80,Mid home run hitter (25-100 HR),24.40972222,24,8.94427191
511,Reggie Jackson,L,72,195,0.262,563,Big home run hitter (over 200 HR),26.44386574,26,23.72762104
512,Sonny Jackson,L,69,150,0.251,7,Low home run hitter (under 25 HR),22.14870825,22,2.645751311
513,Rodney Scott,B,72,160,0.236,3,Low home run hitter (under 25 HR),21.69753086,21,1.732050808
514,Rich Coggins,L,68,170,0.265,12,Low home run hitter (under 25 HR),25.84558824,25,3.464101615
515,Phil Gagliano,R,73,180,0.238,14,Low home run hitter (under 25 HR),23.74554325,23,3.741657387
516,Jerry McNertney,R,72,180,0.237,27,Mid home run hitter (25-100 HR),24.40972222,24,5.196152423
517,Mitchell Page,L,74,205,0.266,72,Mid home run hitter (25-100 HR),26.31756757,26,8.485281374
518,Kiko Garcia,R,71,180,0.239,12,Low home run hitter (under 25 HR),25.10216227,25,3.464101615
519,Larry Milbourne,B,72,161,0.254,11,Low home run hitter (under 25 HR),21.83314043,21,3.31662479
520,Bill Sudakis,B,73,190,0.234,59,Mid home run hitter (25-100 HR),25.0647401,25,7.681145748
521,Domingo Ramos,R,70,154,0.24,8,Low home run hitter (under 25 HR),22.09428571,22,2.828427125
522,Ron Oester,B,74,185,0.265,42,Mid home run hitter (25-100 HR),23.75,23,6.480740698
523,Glenn Adams,L,73,180,0.28,34,Mid home run hitter (25-100 HR),23.74554325,23,5.830951895
524,Joe Morgan,L,67,160,0.271,268,Big home run hitter (over 200 HR),25.05680552,25,16.37070554
525,R.J. Reynolds,B,72,190,0.267,35,Mid home run hitter (25-100 HR),25.7658179,25,5.916079783
526,Lee Thomas,L,74,195,0.255,106,Big home run hitter (over 200 HR),25.03378378,25,10.29563014
527,Ray Fosse,R,74,215,0.256,61,Mid home run hitter (25-100 HR),27.60135135,27,7.810249676
528,Paul Popovich,B,72,175,0.233,14,Low home run hitter (under 25 HR),23.73167438,23,3.741657387
529,John Stephenson,L,71,180,0.216,12,Low home run hitter (under 25 HR),25.10216227,25,3.464101615
530,Doug Clemens,L,72,180,0.229,12,Low home run hitter (under 25 HR),24.40972222,24,3.464101615
531,Orlando Mercado,R,72,180,0.199,7,Low home run hitter (under 25 HR),24.40972222,24,2.645751311
532,Charley Smith,R,73,170,0.239,69,Mid home run hitter (25-100 HR),22.42634641,22,8.306623863
533,Buddy Biancalana,B,71,160,0.205,6,Low home run hitter (under 25 HR),22.31303313,22,2.449489743
534,Bob Uecker,R,73,190,0.2,14,Low home run hitter (under 25 HR),25.0647401,25,3.741657387
535,Felix Torres,R,71,165,0.254,27,Mid home run hitter (25-100 HR),23.01031541,23,5.196152423
536,Steve Braun,L,70,180,0.271,52,Mid home run hitter (25-100 HR),25.8244898,25,7.211102551
537,Ray Knight,R,73,185,0.271,84,Mid home run hitter (25-100 HR),24.40514168,24,9.16515139
538,Ty Cline,L,72,170,0.238,6,Low home run hitter (under 25 HR),23.05362654,23,2.449489743
539,Thad Bosley,L,75,175,0.272,20,Low home run hitter (under 25 HR),21.87111111,21,4.472135955
540,Bobby Grich,R,74,180,0.266,224,Big home run hitter (over 200 HR),23.10810811,23,14.96662955
541,Jimmie Hall,L,72,175,0.254,121,Big home run hitter (over 200 HR),23.73167438,23,11
542,John Boccabella,R,73,195,0.219,26,Mid home run hitter (25-100 HR),25.72433853,25,5.099019514
543,Brock Davis,L,70,160,0.26,1,Low home run hitter (under 25 HR),22.95510204,22,1
544,Curt Blefary,L,74,195,0.237,112,Big home run hitter (over 200 HR),25.03378378,25,10.58300524
545,Mack Jones,L,73,180,0.252,133,Big home run hitter (over 200 HR),23.74554325,23,11.53256259
546,Buddy Bradford,R,71,170,0.226,52,Mid home run hitter (25-100 HR),23.7075977,23,7.211102551
547,Hosken Powell,L,73,175,0.259,17,Low home run hitter (under 25 HR),23.08594483,23,4.123105626
548,Dave Stapleton,R,73,178,0.271,41,Mid home run hitter (25-100 HR),23.48170388,23,6.403124237
549,Gary Ward,R,74,195,0.276,130,Big home run hitter (over 200 HR),25.03378378,25,11.40175425
550,Jim Lonborg,R,77,200,0.136,3,Low home run hitter (under 25 HR),23.71394839,23,1.732050808
551,Joe Lis,R,72,175,0.233,32,Mid home run hitter (25-100 HR),23.73167438,23,5.656854249
552,Dan Meyer,L,71,180,0.253,86,Mid home run hitter (25-100 HR),25.10216227,25,9.273618496
553,Jim Holt,L,72,180,0.265,19,Low home run hitter (under 25 HR),24.40972222,24,4.358898944
554,Larry Herndon,R,75,190,0.274,107,Big home run hitter (over 200 HR),23.74577778,23,10.34408043
555,Wallace Johnson,B,72,173,0.255,5,Low home run hitter (under 25 HR),23.46045525,23,2.236067978
556,Eddie Leon,R,72,170,0.236,24,Low home run hitter (under 25 HR),23.05362654,23,4.898979486
557,Jim Wohlford,R,71,175,0.26,21,Low home run hitter (under 25 HR),24.40487998,24,4.582575695
558,J.R. Richard,R,80,222,0.168,10,Low home run hitter (under 25 HR),24.3853125,24,3.16227766
559,Bill Voss,L,74,160,0.227,19,Low home run hitter (under 25 HR),20.54054054,20,4.358898944
560,Keith Moreland,R,72,190,0.279,121,Big home run hitter (over 200 HR),25.7658179,25,11
561,Alex Johnson,R,72,205,0.288,78,Mid home run hitter (25-100 HR),27.79996142,27,8.831760866
562,Wayne Krenchicki,L,73,180,0.266,15,Low home run hitter (under 25 HR),23.74554325,23,3.872983346
563,Dave Rosello,R,71,160,0.236,10,Low home run hitter (under 25 HR),22.31303313,22,3.16227766
564,Paul Schaal,R,71,165,0.244,57,Mid home run hitter (25-100 HR),23.01031541,23,7.549834435
565,Tito Landrum,R,71,175,0.249,13,Low home run hitter (under 25 HR),24.40487998,24,3.605551275
566,Dave Edwards,R,72,170,0.237,14,Low home run hitter (under 25 HR),23.05362654,23,3.741657387
567,Mario Guerrero,R,70,155,0.257,7,Low home run hitter (under 25 HR),22.2377551,22,2.645751311
568,Tom Tresh,B,73,180,0.245,153,Big home run hitter (over 200 HR),23.74554325,23,12.36931688
569,Ron Roenicke,B,72,180,0.238,17,Low home run hitter (under 25 HR),24.40972222,24,4.123105626
570,Doug Griffin,R,72,160,0.245,7,Low home run hitter (under 25 HR),21.69753086,21,2.645751311
571,Steve Blass,R,72,165,0.172,1,Low home run hitter (under 25 HR),22.3755787,22,1
572,Johnnie LeMaster,R,74,165,0.222,22,Low home run hitter (under 25 HR),21.18243243,21,4.69041576
573,Nate Oliver,R,70,160,0.226,2,Low home run hitter (under 25 HR),22.95510204,22,1.414213562
574,Ray Sadecki,L,71,180,0.191,5,Low home run hitter (under 25 HR),25.10216227,25,2.236067978
575,Ken Rudolph,R,73,180,0.213,6,Low home run hitter (under 25 HR),23.74554325,23,2.449489743
576,Wayne Nordhagen,R,74,205,0.282,39,Mid home run hitter (25-100 HR),26.31756757,26,6.244997998
577,Biff Pocoroba,B,70,175,0.257,21,Low home run hitter (under 25 HR),25.10714286,25,4.582575695
578,Len Matuszek,L,74,190,0.234,30,Mid home run hitter (25-100 HR),24.39189189,24,5.477225575
579,Joe Lefebvre,L,70,170,0.258,31,Mid home run hitter (25-100 HR),24.38979592,24,5.567764363
580,Jim Maloney,L,74,190,0.201,7,Low home run hitter (under 25 HR),24.39189189,24,2.645751311
581,Andre Robertson,R,70,155,0.251,5,Low home run hitter (under 25 HR),22.2377551,22,2.236067978
582,Jerry Zimmerman,R,74,185,0.204,3,Low home run hitter (under 25 HR),23.75,23,1.732050808
583,Chet Lemon,R,72,190,0.273,215,Big home run hitter (over 200 HR),25.7658179,25,14.6628783
584,Phil Mankowski,L,72,180,0.264,8,Low home run hitter (under 25 HR),24.40972222,24,2.828427125
585,Cleon Jones,R,72,185,0.281,93,Mid home run hitter (25-100 HR),25.08777006,25,9.643650761
586,Joaquin Andujar,B,72,170,0.127,5,Low home run hitter (under 25 HR),23.05362654,23,2.236067978
587,Mike Lum,L,72,180,0.247,90,Mid home run hitter (25-100 HR),24.40972222,24,9.486832981
588,Johnny Grubb,L,75,175,0.278,99,Mid home run hitter (25-100 HR),21.87111111,21,9.949874371
589,Curt Motton,R,68,164,0.213,25,Mid home run hitter (25-100 HR),24.933391,24,5
590,Johnny Bench,R,73,197,0.267,389,Big home run hitter (over 200 HR),25.98817789,25,19.72308292
591,Dale Berra,R,72,180,0.236,49,Mid home run hitter (25-100 HR),24.40972222,24,7
592,Bob Meacham,B,73,175,0.236,8,Low home run hitter (under 25 HR),23.08594483,23,2.828427125
593,Carl Warwick,R,70,170,0.248,31,Mid home run hitter (25-100 HR),24.38979592,24,5.567764363
594,Sam Bowens,R,73,188,0.223,45,Mid home run hitter (25-100 HR),24.80090073,24,6.708203933
595,George Wright,B,71,180,0.245,42,Mid home run hitter (25-100 HR),25.10216227,25,6.480740698
596,Luis Aguayo,R,69,173,0.236,37,Mid home run hitter (25-100 HR),25.54484352,25,6.08276253
597,Hal Lanier,R,74,180,0.228,8,Low home run hitter (under 25 HR),23.10810811,23,2.828427125
598,Len Randle,B,70,169,0.257,27,Mid home run hitter (25-100 HR),24.24632653,24,5.196152423
599,Greg Pryor,R,72,180,0.25,14,Low home run hitter (under 25 HR),24.40972222,24,3.741657387
600,Jim Traber,L,72,194,0.227,27,Mid home run hitter (25-100 HR),26.30825617,26,5.196152423
601,Dave Nelson,R,70,160,0.244,20,Low home run hitter (under 25 HR),22.95510204,22,4.472135955
602,Lynn Jones,R,69,175,0.252,7,Low home run hitter (under 25 HR),25.84015963,25,2.645751311
603,Bryan Little,B,70,160,0.245,3,Low home run hitter (under 25 HR),22.95510204,22,1.732050808
604,Ken Suarez,R,69,175,0.227,5,Low home run hitter (under 25 HR),25.84015963,25,2.236067978
605,Rick Peters,B,69,170,0.277,2,Low home run hitter (under 25 HR),25.10186936,25,1.414213562
606,Ron Stone,L,74,185,0.241,6,Low home run hitter (under 25 HR),23.75,23,2.449489743
607,Tommie Agee,R,71,195,0.255,130,Big home run hitter (over 200 HR),27.19400913,27,11.40175425
608,Bob Bailey,R,73,180,0.257,189,Big home run hitter (over 200 HR),23.74554325,23,13.74772708
609,Cap Peterson,R,74,195,0.23,19,Low home run hitter (under 25 HR),25.03378378,25,4.358898944
610,Ted Uhlaender,L,74,190,0.263,36,Mid home run hitter (25-100 HR),24.39189189,24,6
611,Ted Simmons,B,71,193,0.285,248,Big home run hitter (over 200 HR),26.91509621,26,15.74801575
612,Bobby Murcer,L,71,160,0.277,252,Big home run hitter (over 200 HR),22.31303313,22,15.87450787
613,Dick Tracewski,R,71,160,0.213,8,Low home run hitter (under 25 HR),22.31303313,22,2.828427125
614,Bill Nahorodny,R,74,200,0.241,25,Mid home run hitter (25-100 HR),25.67567568,25,5
615,Bill Madlock,R,71,180,0.305,163,Big home run hitter (over 200 HR),25.10216227,25,12.76714533
616,Bob Boone,R,74,195,0.254,105,Big home run hitter (over 200 HR),25.03378378,25,10.24695077
617,Steve Kemp,L,72,195,0.278,130,Big home run hitter (over 200 HR),26.44386574,26,11.40175425
618,Rick Burleson,R,70,165,0.273,50,Mid home run hitter (25-100 HR),23.67244898,23,7.071067812
619,Carl Taylor,R,74,200,0.266,10,Low home run hitter (under 25 HR),25.67567568,25,3.16227766
620,Terry Harmon,R,74,180,0.233,4,Low home run hitter (under 25 HR),23.10810811,23,2
621,Mike Hargrove,L,72,195,0.29,80,Mid home run hitter (25-100 HR),26.44386574,26,8.94427191
622,Steve Hovley,L,70,188,0.258,8,Low home run hitter (under 25 HR),26.9722449,26,2.828427125
624,Lee May,R,75,195,0.267,354,Big home run hitter (over 200 HR),24.37066667,24,18.81488772
625,Sam McDowell,L,77,190,0.154,2,Low home run hitter (under 25 HR),22.52825097,22,1.414213562
626,Rick Renick,R,72,188,0.221,20,Low home run hitter (under 25 HR),25.49459877,25,4.472135955
627,Jeff Torborg,R,72,195,0.214,8,Low home run hitter (under 25 HR),26.44386574,26,2.828427125
628,Dave Campbell,R,73,180,0.213,20,Low home run hitter (under 25 HR),23.74554325,23,4.472135955
629,Pat Kelly,L,73,185,0.264,76,Mid home run hitter (25-100 HR),24.40514168,24,8.717797887
630,Al Weis,B,72,160,0.219,7,Low home run hitter (under 25 HR),21.69753086,21,2.645751311
631,Jerry Turner,L,69,180,0.257,45,Mid home run hitter (25-100 HR),26.57844991,26,6.708203933
632,Rick Auerbach,R,72,165,0.22,9,Low home run hitter (under 25 HR),22.3755787,22,3
633,Don Wilson,R,74,195,0.146,1,Low home run hitter (under 25 HR),25.03378378,25,1
634,Sandy Valdespino,L,68,170,0.23,7,Low home run hitter (under 25 HR),25.84558824,25,2.645751311
635,Ken Phelps,L,73,209,0.239,123,Big home run hitter (over 200 HR),27.57121411,27,11.09053651
636,Cesar Cedeno,R,74,175,0.285,199,Big home run hitter (over 200 HR),22.46621622,22,14.10673598
637,Phil Linz,R,73,180,0.235,11,Low home run hitter (under 25 HR),23.74554325,23,3.31662479
638,Manny Mota,R,70,160,0.304,31,Mid home run hitter (25-100 HR),22.95510204,22,5.567764363
639,Steve Renko,R,77,230,0.215,6,Low home run hitter (under 25 HR),27.27104065,27,2.449489743
640,Rick Sofield,L,73,195,0.243,9,Low home run hitter (under 25 HR),25.72433853,25,3
641,Doug DeCinces,R,74,190,0.259,237,Big home run hitter (over 200 HR),24.39189189,24,15.39480432
642,John Castino,R,71,175,0.278,41,Mid home run hitter (25-100 HR),24.40487998,24,6.403124237
643,Dave May,L,70,186,0.251,96,Mid home run hitter (25-100 HR),26.68530612,26,9.797958971
644,Ron Washington,R,71,155,0.261,20,Low home run hitter (under 25 HR),21.61575084,21,4.472135955
645,Billy Grabarkewitz,R,70,165,0.236,28,Mid home run hitter (25-100 HR),23.67244898,23,5.291502622
646,Willie Aikens,L,75,220,0.271,110,Big home run hitter (over 200 HR),27.49511111,27,10.48808848
647,Earl Williams,R,75,215,0.247,138,Big home run hitter (over 200 HR),26.87022222,26,11.74734012
648,Don Hahn,R,73,180,0.236,7,Low home run hitter (under 25 HR),23.74554325,23,2.645751311
649,Todd Cruz,R,72,175,0.22,34,Mid home run hitter (25-100 HR),23.73167438,23,5.830951895
650,Tom Egan,R,76,218,0.2,22,Low home run hitter (under 25 HR),26.53289474,26,4.69041576
651,Bob Heise,R,72,175,0.247,1,Low home run hitter (under 25 HR),23.73167438,23,1
652,Tommy Harper,R,69,165,0.257,146,Big home run hitter (over 200 HR),24.36357908,24,12.08304597
653,Joe Wallis,B,71,180,0.244,16,Low home run hitter (under 25 HR),25.10216227,25,4
654,Max Alvis,R,71,185,0.247,111,Big home run hitter (over 200 HR),25.79944455,25,10.53565375
655,Rico Carty,R,75,200,0.299,204,Big home run hitter (over 200 HR),24.99555556,24,14.28285686
656,Mike Cubbage,L,72,180,0.258,34,Mid home run hitter (25-100 HR),24.40972222,24,5.830951895
657,Merritt Ranew,L,71,170,0.247,8,Low home run hitter (under 25 HR),23.7075977,23,2.828427125
658,Lyman Bostock,L,73,180,0.311,23,Low home run hitter (under 25 HR),23.74554325,23,4.795831523
659,Damaso Garcia,R,73,165,0.283,36,Mid home run hitter (25-100 HR),21.76674798,21,6
660,Roy Howell,L,73,190,0.261,80,Mid home run hitter (25-100 HR),25.0647401,25,8.94427191
661,Boog Powell,L,76,230,0.266,339,Big home run hitter (over 200 HR),27.99342105,27,18.41195264
662,Sonny Siebert,R,75,190,0.173,12,Low home run hitter (under 25 HR),23.74577778,23,3.464101615
663,Bobby Darwin,R,74,190,0.251,83,Mid home run hitter (25-100 HR),24.39189189,24,9.110433579
664,Dan Driessen,L,71,187,0.267,153,Big home run hitter (over 200 HR),26.07835747,26,12.36931688
665,Bruce Miller,R,73,185,0.246,1,Low home run hitter (under 25 HR),24.40514168,24,1
666,Bob Bailor,R,71,170,0.264,9,Low home run hitter (under 25 HR),23.7075977,23,3
667,Tommy Helms,R,70,165,0.269,34,Mid home run hitter (25-100 HR),23.67244898,23,5.830951895
668,Tony Armas,R,71,182,0.252,251,Big home run hitter (over 200 HR),25.38107518,25,15.84297952
670,Lou Piniella,R,72,182,0.291,102,Big home run hitter (over 200 HR),24.68094136,24,10.09950494
671,Butch Hobson,R,73,193,0.248,98,Mid home run hitter (25-100 HR),25.46049916,25,9.899494937
672,John Wathan,R,74,205,0.262,21,Low home run hitter (under 25 HR),26.31756757,26,4.582575695
673,Hal King,L,73,200,0.214,24,Low home run hitter (under 25 HR),26.38393695,26,4.898979486
674,Mike Krukow,R,77,205,0.193,5,Low home run hitter (under 25 HR),24.3067971,24,2.236067978
675,Andres Mora,R,72,180,0.223,27,Mid home run hitter (25-100 HR),24.40972222,24,5.196152423
676,Barry Foote,R,75,205,0.23,57,Mid home run hitter (25-100 HR),25.62044444,25,7.549834435
677,Ed Ott,L,70,190,0.259,33,Mid home run hitter (25-100 HR),27.25918367,27,5.744562647
678,Alan Wiggins,B,74,160,0.259,5,Low home run hitter (under 25 HR),20.54054054,20,2.236067978
679,Ron Clark,R,70,175,0.189,5,Low home run hitter (under 25 HR),25.10714286,25,2.236067978
680,Julio Gotay,R,72,180,0.26,6,Low home run hitter (under 25 HR),24.40972222,24,2.449489743
681,Gary Alexander,R,74,195,0.23,55,Mid home run hitter (25-100 HR),25.03378378,25,7.416198487
682,Andre Thornton,R,75,200,0.254,253,Big home run hitter (over 200 HR),24.99555556,24,15.90597372
683,Bob Oliver,R,75,205,0.256,94,Mid home run hitter (25-100 HR),25.62044444,25,9.695359715
684,Bob Robertson,R,73,195,0.242,115,Big home run hitter (over 200 HR),25.72433853,25,10.72380529
685,Ollie Brown,R,74,178,0.265,102,Big home run hitter (over 200 HR),22.85135135,22,10.09950494
686,Frank Quilici,R,73,170,0.214,5,Low home run hitter (under 25 HR),22.42634641,22,2.236067978
687,Joe Pepitone,L,74,185,0.258,219,Big home run hitter (over 200 HR),23.75,23,14.79864859
688,Steve Barber,L,72,195,0.115,5,Low home run hitter (under 25 HR),26.44386574,26,2.236067978
689,Norm Miller,L,70,185,0.238,24,Low home run hitter (under 25 HR),26.54183673,26,4.898979486
690,Bob Chance,L,74,196,0.261,24,Low home run hitter (under 25 HR),25.16216216,25,4.898979486
691,Julio Cruz,B,69,165,0.237,23,Low home run hitter (under 25 HR),24.36357908,24,4.795831523
692,Bill Sample,R,69,175,0.272,46,Mid home run hitter (25-100 HR),25.84015963,25,6.782329983
693,Craig Kusick,R,75,210,0.235,46,Mid home run hitter (25-100 HR),26.24533333,26,6.782329983
694,Rudy Meoli,L,69,165,0.212,2,Low home run hitter (under 25 HR),24.36357908,24,1.414213562
695,Ruppert Jones,L,70,170,0.25,147,Big home run hitter (over 200 HR),24.38979592,24,12.12435565
696,Glenn Hoffman,R,73,175,0.242,23,Low home run hitter (under 25 HR),23.08594483,23,4.795831523
697,Russ Gibson,R,73,195,0.228,8,Low home run hitter (under 25 HR),25.72433853,25,2.828427125
698,Terry Francona,L,73,190,0.274,16,Low home run hitter (under 25 HR),25.0647401,25,4
699,John Bateman,R,75,210,0.23,81,Mid home run hitter (25-100 HR),26.24533333,26,9
700,Luis Pujols,R,74,175,0.193,6,Low home run hitter (under 25 HR),22.46621622,22,2.449489743
701,Joe Gaines,R,73,190,0.241,21,Low home run hitter (under 25 HR),25.0647401,25,4.582575695
702,Doug Rader,R,74,208,0.251,155,Big home run hitter (over 200 HR),26.7027027,26,12.4498996
703,Mickey Stanley,R,73,185,0.248,117,Big home run hitter (over 200 HR),24.40514168,24,10.81665383
704,Phil Bradley,R,72,185,0.286,78,Mid home run hitter (25-100 HR),25.08777006,25,8.831760866
705,Winston Llenas,R,70,165,0.23,3,Low home run hitter (under 25 HR),23.67244898,23,1.732050808
706,Charlie Moore,R,71,180,0.261,36,Mid home run hitter (25-100 HR),25.10216227,25,6
707,Ralph Garr,L,71,185,0.306,75,Mid home run hitter (25-100 HR),25.79944455,25,8.660254038
708,Tommy John,R,75,180,0.157,5,Low home run hitter (under 25 HR),22.496,22,2.236067978
709,Bruce Benedict,R,73,175,0.242,18,Low home run hitter (under 25 HR),23.08594483,23,4.242640687
711,Wes Parker,B,73,180,0.267,64,Mid home run hitter (25-100 HR),23.74554325,23,8
712,David Green,R,75,170,0.268,31,Mid home run hitter (25-100 HR),21.24622222,21,5.567764363
713,Reid Nichols,R,71,165,0.266,22,Low home run hitter (under 25 HR),23.01031541,23,4.69041576
714,Rick Reichardt,R,75,210,0.261,116,Big home run hitter (over 200 HR),26.24533333,26,10.77032961
715,Luis Tiant,R,72,180,0.164,5,Low home run hitter (under 25 HR),24.40972222,24,2.236067978
716,Broderick Perkins,L,70,180,0.271,8,Low home run hitter (under 25 HR),25.8244898,25,2.828427125
717,Leon Roberts,R,75,200,0.267,78,Mid home run hitter (25-100 HR),24.99555556,24,8.831760866
718,Ray Burris,R,77,200,0.151,1,Low home run hitter (under 25 HR),23.71394839,23,1
719,Len Gabrielson,L,76,210,0.253,37,Mid home run hitter (25-100 HR),25.55921053,25,6.08276253
720,Johnny Edwards,L,76,220,0.242,81,Mid home run hitter (25-100 HR),26.77631579,26,9
721,Tom Grieve,R,74,190,0.249,65,Mid home run hitter (25-100 HR),24.39189189,24,8.062257748
722,Bob Forsch,R,76,200,0.213,12,Low home run hitter (under 25 HR),24.34210526,24,3.464101615
723,Danny Cater,R,72,170,0.276,66,Mid home run hitter (25-100 HR),23.05362654,23,8.124038405
724,Bill Schroeder,R,74,200,0.24,61,Mid home run hitter (25-100 HR),25.67567568,25,7.810249676
725,Clay Dalrymple,L,72,190,0.233,55,Mid home run hitter (25-100 HR),25.7658179,25,7.416198487
726,Carlos May,L,71,200,0.274,90,Mid home run hitter (25-100 HR),27.89129141,27,9.486832981
727,Reggie Smith,B,72,180,0.287,314,Big home run hitter (over 200 HR),24.40972222,24,17.72004515
728,Ron Reed,R,78,215,0.158,0,Low home run hitter (under 25 HR),24.8430309,24,0
729,Davey Johnson,R,73,170,0.261,136,Big home run hitter (over 200 HR),22.42634641,22,11.66190379
730,Ellis Valentine,R,76,205,0.278,123,Big home run hitter (over 200 HR),24.95065789,24,11.09053651
731,Roy White,B,70,160,0.271,160,Big home run hitter (over 200 HR),22.95510204,22,12.64911064
732,Mike Brumley,L,70,195,0.229,5,Low home run hitter (under 25 HR),27.97653061,27,2.236067978
733,Al Luplow,L,70,175,0.235,33,Mid home run hitter (25-100 HR),25.10714286,25,5.744562647
734,Dick Allen,R,71,187,0.292,351,Big home run hitter (over 200 HR),26.07835747,26,18.734994
735,Doug Ault,R,75,200,0.236,17,Low home run hitter (under 25 HR),24.99555556,24,4.123105626
736,Mark Wagner,R,72,165,0.243,3,Low home run hitter (under 25 HR),22.3755787,22,1.732050808
737,Willie Stargell,L,74,188,0.282,475,Big home run hitter (over 200 HR),24.13513514,24,21.79449472
738,Steve Carlton,L,76,210,0.201,13,Low home run hitter (under 25 HR),25.55921053,25,3.605551275
739,Jake Wood,R,73,163,0.25,35,Mid home run hitter (25-100 HR),21.50290861,21,5.916079783
740,Del Unser,L,73,180,0.258,87,Mid home run hitter (25-100 HR),23.74554325,23,9.327379053
741,Bob Brower,R,71,185,0.242,17,Low home run hitter (under 25 HR),25.79944455,25,4.123105626
742,Ray Culp,R,72,200,0.123,1,Low home run hitter (under 25 HR),27.12191358,27,1
743,Ivan Murrell,R,74,195,0.236,33,Mid home run hitter (25-100 HR),25.03378378,25,5.744562647
744,Lee Mazzilli,B,73,180,0.259,93,Mid home run hitter (25-100 HR),23.74554325,23,9.643650761
745,Garth Iorg,R,71,170,0.258,20,Low home run hitter (under 25 HR),23.7075977,23,4.472135955
746,Alan Ashby,B,74,185,0.245,90,Mid home run hitter (25-100 HR),23.75,23,9.486832981
747,Bob Brenly,R,74,210,0.247,91,Mid home run hitter (25-100 HR),26.95945946,26,9.539392014
748,Ron Blomberg,L,73,195,0.293,52,Mid home run hitter (25-100 HR),25.72433853,25,7.211102551
749,Jim Rooker,R,72,195,0.201,7,Low home run hitter (under 25 HR),26.44386574,26,2.645751311
750,Tim Blackwell,B,71,170,0.228,6,Low home run hitter (under 25 HR),23.7075977,23,2.449489743
751,Jerry Morales,R,70,155,0.259,95,Mid home run hitter (25-100 HR),22.2377551,22,9.746794345
752,Davey Lopes,R,69,170,0.263,155,Big home run hitter (over 200 HR),25.10186936,25,12.4498996
753,Catfish Hunter,R,72,190,0.226,6,Low home run hitter (under 25 HR),25.7658179,25,2.449489743
754,Mario Soto,R,72,174,0.132,1,Low home run hitter (under 25 HR),23.59606481,23,1
755,Jimmy Wynn,R,70,160,0.25,291,Big home run hitter (over 200 HR),22.95510204,22,17.05872211
756,Hank Allen,R,72,190,0.241,6,Low home run hitter (under 25 HR),25.7658179,25,2.449489743
757,Jim Fregosi,R,73,190,0.265,151,Big home run hitter (over 200 HR),25.0647401,25,12.28820573
758,Pepe Frias,R,70,159,0.24,1,Low home run hitter (under 25 HR),22.81163265,22,1
759,Mike Schmidt,R,74,195,0.267,548,Big home run hitter (over 200 HR),25.03378378,25,23.40939982
760,Willie Montanez,L,72,170,0.275,139,Big home run hitter (over 200 HR),23.05362654,23,11.78982612
761,Rey Quinones,R,71,160,0.243,29,Mid home run hitter (25-100 HR),22.31303313,22,5.385164807
762,Mike Squires,L,71,185,0.26,6,Low home run hitter (under 25 HR),25.79944455,25,2.449489743
763,Champ Summers,L,74,205,0.255,54,Mid home run hitter (25-100 HR),26.31756757,26,7.348469228
764,Bert Campaneris,R,70,160,0.259,79,Mid home run hitter (25-100 HR),22.95510204,22,8.888194417
765,Bobby Valentine,R,70,189,0.26,12,Low home run hitter (under 25 HR),27.11571429,27,3.464101615
766,Rob Andrews,R,72,185,0.251,3,Low home run hitter (under 25 HR),25.08777006,25,1.732050808
767,Tom Haller,L,76,195,0.257,134,Big home run hitter (over 200 HR),23.73355263,23,11.5758369
768,Ed Stroud,L,71,180,0.237,14,Low home run hitter (under 25 HR),25.10216227,25,3.741657387
769,Ron Swoboda,R,74,195,0.242,73,Mid home run hitter (25-100 HR),25.03378378,25,8.544003745
770,Harry Spilman,L,73,180,0.237,18,Low home run hitter (under 25 HR),23.74554325,23,4.242640687
771,Bob Barton,R,72,175,0.226,9,Low home run hitter (under 25 HR),23.73167438,23,3
772,Daryl Sconiers,L,74,185,0.265,15,Low home run hitter (under 25 HR),23.75,23,3.872983346
773,Joe Torre,R,74,212,0.297,252,Big home run hitter (over 200 HR),27.21621622,27,15.87450787
774,Al Ferrara,R,73,200,0.259,51,Mid home run hitter (25-100 HR),26.38393695,26,7.141428429
775,Sixto Lezcano,R,70,165,0.271,148,Big home run hitter (over 200 HR),23.67244898,23,12.16552506
776,Dave Nicholson,R,74,215,0.212,61,Mid home run hitter (25-100 HR),27.60135135,27,7.810249676
777,Freddie Patek,R,65,148,0.242,41,Mid home run hitter (25-100 HR),24.62579882,24,6.403124237
778,Ken Hubbs,R,74,175,0.247,14,Low home run hitter (under 25 HR),22.46621622,22,3.741657387
779,Pepe Mangual,R,70,157,0.242,16,Low home run hitter (under 25 HR),22.52469388,22,4
780,Leron Lee,L,72,196,0.25,31,Mid home run hitter (25-100 HR),26.57947531,26,5.567764363
781,Steve Ontiveros,B,72,185,0.274,24,Low home run hitter (under 25 HR),25.08777006,25,4.898979486
782,Willie Davis,L,74,180,0.279,182,Big home run hitter (over 200 HR),23.10810811,23,13.49073756
783,Tom Lawless,R,71,170,0.207,2,Low home run hitter (under 25 HR),23.7075977,23,1.414213562
784,Jerry Moses,R,75,210,0.251,25,Mid home run hitter (25-100 HR),26.24533333,26,5
785,Bobby Bonds,R,73,190,0.268,332,Big home run hitter (over 200 HR),25.0647401,25,18.22086716
786,Dave McNally,R,71,185,0.133,9,Low home run hitter (under 25 HR),25.79944455,25,3
787,Darrell Brown,B,72,184,0.274,1,Low home run hitter (under 25 HR),24.95216049,24,1
788,Roy Foster,R,72,185,0.253,45,Mid home run hitter (25-100 HR),25.08777006,25,6.708203933
789,Denis Menke,R,72,185,0.25,101,Big home run hitter (over 200 HR),25.08777006,25,10.04987562
790,Hal Breeden,R,74,200,0.243,21,Low home run hitter (under 25 HR),25.67567568,25,4.582575695
792,Jackie Gutierrez,R,71,175,0.237,4,Low home run hitter (under 25 HR),24.40487998,24,2
793,Jerry Kenney,L,73,170,0.237,7,Low home run hitter (under 25 HR),22.42634641,22,2.645751311
794,Fred Kendall,R,73,185,0.234,31,Mid home run hitter (25-100 HR),24.40514168,24,5.567764363
795,Mike Anderson,R,74,200,0.246,28,Mid home run hitter (25-100 HR),25.67567568,25,5.291502622
796,Joe Charboneau,R,74,205,0.266,29,Mid home run hitter (25-100 HR),26.31756757,26,5.385164807
797,Jimmie Schaffer,R,69,170,0.223,11,Low home run hitter (under 25 HR),25.10186936,25,3.31662479
798,Junior Kennedy,R,71,175,0.248,4,Low home run hitter (under 25 HR),24.40487998,24,2
799,Wilbur Howard,B,74,170,0.25,6,Low home run hitter (under 25 HR),21.82432432,21,2.449489743
800,Rod Gilbreath,R,74,180,0.248,14,Low home run hitter (under 25 HR),23.10810811,23,3.741657387
801,Mark Brouhard,R,73,210,0.259,25,Mid home run hitter (25-100 HR),27.7031338,27,5
802,Mike Young,B,74,195,0.247,72,Mid home run hitter (25-100 HR),25.03378378,25,8.485281374
803,Chris Speier,R,73,175,0.246,112,Big home run hitter (over 200 HR),23.08594483,23,10.58300524
804,Gene Michael,B,74,183,0.229,15,Low home run hitter (under 25 HR),23.49324324,23,3.872983346
805,Vic Harris,B,71,165,0.217,13,Low home run hitter (under 25 HR),23.01031541,23,3.605551275
806,Mike Fischlin,R,73,165,0.22,3,Low home run hitter (under 25 HR),21.76674798,21,1.732050808
807,Don Money,R,73,170,0.261,176,Big home run hitter (over 200 HR),22.42634641,22,13.26649916
808,Joe Rudi,R,74,200,0.264,179,Big home run hitter (over 200 HR),25.67567568,25,13.37908816
809,Jim Rice,R,74,200,0.298,382,Big home run hitter (over 200 HR),25.67567568,25,19.54482029
810,Gil Garrido,R,69,150,0.237,1,Low home run hitter (under 25 HR),22.14870825,22,1
811,Marty Perez,R,71,160,0.246,22,Low home run hitter (under 25 HR),22.31303313,22,4.69041576
812,Tom Matchick,L,73,173,0.215,4,Low home run hitter (under 25 HR),22.82210546,22,2
813,Jack Perconte,L,70,160,0.27,2,Low home run hitter (under 25 HR),22.95510204,22,1.414213562
814,Ed Kirkpatrick,L,71,195,0.238,85,Mid home run hitter (25-100 HR),27.19400913,27,9.219544457
815,Jerry Grote,R,70,185,0.252,39,Mid home run hitter (25-100 HR),26.54183673,26,6.244997998
816,Ellie Hendricks,L,73,175,0.22,62,Mid home run hitter (25-100 HR),23.08594483,23,7.874007874
817,Jim Beauchamp,R,74,190,0.231,14,Low home run hitter (under 25 HR),24.39189189,24,3.741657387
818,Tito Fuentes,B,71,175,0.268,45,Mid home run hitter (25-100 HR),24.40487998,24,6.708203933
819,Ron Brand,R,67,167,0.239,3,Low home run hitter (under 25 HR),26.15304077,26,1.732050808
820,Leo Cardenas,R,71,150,0.257,118,Big home run hitter (over 200 HR),20.91846856,20,10.86278049
821,Art Shamsky,L,73,168,0.253,68,Mid home run hitter (25-100 HR),22.16250704,22,8.246211251
822,Ron Cey,R,70,185,0.261,316,Big home run hitter (over 200 HR),26.54183673,26,17.77638883
823,Skip Jutze,R,71,190,0.215,3,Low home run hitter (under 25 HR),26.49672684,26,1.732050808
824,Butch Wynegar,B,73,190,0.255,65,Mid home run hitter (25-100 HR),25.0647401,25,8.062257748
825,Ron LeFlore,R,72,200,0.288,59,Mid home run hitter (25-100 HR),27.12191358,27,7.681145748
826,Bill Russell,R,72,175,0.263,46,Mid home run hitter (25-100 HR),23.73167438,23,6.782329983
827,Gene Tenace,R,72,190,0.241,201,Big home run hitter (over 200 HR),25.7658179,25,14.17744688
828,Bubba Morton,R,70,175,0.267,14,Low home run hitter (under 25 HR),25.10714286,25,3.741657387
829,Ellie Rodriguez,R,71,185,0.245,16,Low home run hitter (under 25 HR),25.79944455,25,4
830,Darrel Chaney,B,74,188,0.217,14,Low home run hitter (under 25 HR),24.13513514,24,3.741657387
831,Dick Nen,L,74,200,0.224,21,Low home run hitter (under 25 HR),25.67567568,25,4.582575695
832,Bill Freehan,R,75,203,0.262,200,Big home run hitter (over 200 HR),25.37048889,25,14.14213562
833,Steve Nicosia,R,70,185,0.248,11,Low home run hitter (under 25 HR),26.54183673,26,3.31662479
834,Ted Savage,R,73,185,0.233,34,Mid home run hitter (25-100 HR),24.40514168,24,5.830951895
835,Pete Mackanin,R,74,190,0.226,30,Mid home run hitter (25-100 HR),24.39189189,24,5.477225575
836,Rich Dauer,R,72,180,0.257,43,Mid home run hitter (25-100 HR),24.40972222,24,6.557438524
837,Mick Kelleher,R,69,176,0.213,0,Low home run hitter (under 25 HR),25.98781769,25,0
838,Rowland Office,L,72,170,0.259,32,Mid home run hitter (25-100 HR),23.05362654,23,5.656854249
839,Rick Leach,L,73,180,0.268,18,Low home run hitter (under 25 HR),23.74554325,23,4.242640687
840,Dwayne Murphy,L,73,185,0.246,166,Big home run hitter (over 200 HR),24.40514168,24,12.88409873
841,Larry Harlow,L,74,185,0.248,12,Low home run hitter (under 25 HR),23.75,23,3.464101615
843,Jerry Mumphrey,B,74,185,0.289,70,Mid home run hitter (25-100 HR),23.75,23,8.366600265
844,Don Sutton,R,73,185,0.144,0,Low home run hitter (under 25 HR),24.40514168,24,0
845,Glenn Beckert,R,73,190,0.283,22,Low home run hitter (under 25 HR),25.0647401,25,4.69041576
846,Ron Davis,R,72,175,0.233,10,Low home run hitter (under 25 HR),23.73167438,23,3.16227766
847,Mike Shannon,R,75,195,0.255,68,Mid home run hitter (25-100 HR),24.37066667,24,8.246211251
848,Jason Thompson,L,76,200,0.261,208,Big home run hitter (over 200 HR),24.34210526,24,14.4222051
849,Wayne Tolleson,B,69,160,0.241,9,Low home run hitter (under 25 HR),23.6252888,23,3
850,Mike Jorgensen,L,72,195,0.243,95,Mid home run hitter (25-100 HR),26.44386574,26,9.746794345
851,Ed Romero,R,71,160,0.247,8,Low home run hitter (under 25 HR),22.31303313,22,2.828427125
852,Rick Joseph,R,73,192,0.243,13,Low home run hitter (under 25 HR),25.32857947,25,3.605551275
853,Cecil Cooper,L,74,165,0.298,241,Big home run hitter (over 200 HR),21.18243243,21,15.5241747
854,Bill Almon,R,75,180,0.254,36,Mid home run hitter (25-100 HR),22.496,22,6
855,Joe Ferguson,R,74,200,0.24,122,Big home run hitter (over 200 HR),25.67567568,25,11.04536102
856,Jerry Terrell,R,71,165,0.253,4,Low home run hitter (under 25 HR),23.01031541,23,2
857,Dave Revering,L,76,210,0.265,62,Mid home run hitter (25-100 HR),25.55921053,25,7.874007874
858,Curt Ford,L,70,150,0.245,7,Low home run hitter (under 25 HR),21.52040816,21,2.645751311
859,Jerry Dybzinski,R,74,180,0.234,3,Low home run hitter (under 25 HR),23.10810811,23,1.732050808
860,Bob Burda,L,71,174,0.224,13,Low home run hitter (under 25 HR),24.26542353,24,3.605551275
861,Jesse Gonder,L,70,180,0.251,26,Mid home run hitter (25-100 HR),25.8244898,25,5.099019514
862,Gary Sutherland,R,72,185,0.243,24,Low home run hitter (under 25 HR),25.08777006,25,4.898979486
863,Bob Coluccio,R,71,183,0.22,26,Mid home run hitter (25-100 HR),25.52053164,25,5.099019514
864,Dave Rader,L,71,165,0.257,30,Mid home run hitter (25-100 HR),23.01031541,23,5.477225575
865,Ron Gardenhire,R,72,175,0.232,4,Low home run hitter (under 25 HR),23.73167438,23,2
866,Bill Sharp,L,70,178,0.255,9,Low home run hitter (under 25 HR),25.53755102,25,3
867,Alan Bannister,R,71,170,0.27,19,Low home run hitter (under 25 HR),23.7075977,23,4.358898944
868,Bob Watson,R,72,201,0.295,184,Big home run hitter (over 200 HR),27.25752315,27,13.56465997
869,Ken Harrelson,R,74,190,0.239,131,Big home run hitter (over 200 HR),24.39189189,24,11.44552314
870,Bobby Wine,R,73,187,0.215,30,Mid home run hitter (25-100 HR),24.66898105,24,5.477225575
871,John Kennedy,R,72,185,0.225,32,Mid home run hitter (25-100 HR),25.08777006,25,5.656854249
872,Chico Ruiz,B,72,169,0.24,2,Low home run hitter (under 25 HR),22.91801698,22,1.414213562
874,Doug Frobel,L,76,196,0.201,20,Low home run hitter (under 25 HR),23.85526316,23,4.472135955
875,Luis Melendez,R,72,165,0.248,9,Low home run hitter (under 25 HR),22.3755787,22,3
876,Bill Plummer,R,73,190,0.188,14,Low home run hitter (under 25 HR),25.0647401,25,3.741657387
877,Buck Rodgers,B,74,190,0.232,31,Mid home run hitter (25-100 HR),24.39189189,24,5.567764363
878,Phil Niekro,R,73,180,0.169,7,Low home run hitter (under 25 HR),23.74554325,23,2.645751311
879,Tom Poquette,L,70,175,0.268,10,Low home run hitter (under 25 HR),25.10714286,25,3.16227766
880,Brian Asselstine,L,73,175,0.254,12,Low home run hitter (under 25 HR),23.08594483,23,3.464101615
881,Rick Miller,L,72,175,0.269,28,Mid home run hitter (25-100 HR),23.73167438,23,5.291502622
882,Ed Charles,R,70,170,0.263,86,Mid home run hitter (25-100 HR),24.38979592,24,9.273618496
883,Luis Gomez,R,69,150,0.21,0,Low home run hitter (under 25 HR),22.14870825,22,0
884,Floyd Rayford,R,70,190,0.244,38,Mid home run hitter (25-100 HR),27.25918367,27,6.164414003
885,Tony Conigliaro,R,75,185,0.264,166,Big home run hitter (over 200 HR),23.12088889,23,12.88409873
886,Jim Barr,R,75,205,0.162,1,Low home run hitter (under 25 HR),25.62044444,25,1
887,Jerry Remy,L,69,165,0.275,7,Low home run hitter (under 25 HR),24.36357908,24,2.645751311
888,Frank Duffy,R,73,180,0.232,26,Mid home run hitter (25-100 HR),23.74554325,23,5.099019514
889,Tom O'Malley,L,72,180,0.256,13,Low home run hitter (under 25 HR),24.40972222,24,3.605551275
890,Phil Garner,R,70,175,0.26,109,Big home run hitter (over 200 HR),25.10714286,25,10.44030651